#K-Path(1/A) Energy-Level(eV)
# NKPTS & NBANDS: 140  68
# Band-Index    1
   0.00000    -13.422076
   0.04179    -13.419410
   0.08358    -13.411431
   0.12537    -13.398268
   0.16716    -13.380146
   0.20895    -13.357384
   0.25073    -13.330369
   0.29252    -13.299565
   0.33431    -13.265545
   0.37610    -13.228948
   0.41789    -13.190501
   0.45968    -13.151008
   0.50147    -13.111363
   0.54326    -13.072556
   0.58505    -13.035726
   0.62684    -13.002208
   0.66862    -12.973576
   0.71041    -12.951599
   0.75220    -12.937852
   0.79399    -12.933203
   0.79399    -13.188571
   0.81848    -13.193373
   0.84296    -13.205839
   0.86744    -13.222612
   0.89193    -13.241365
   0.91641    -13.260805
   0.94090    -13.280201
   0.96538    -13.299103
   0.98986    -13.317209
   1.01435    -13.334288
   1.03883    -13.350166
   1.06332    -13.364699
   1.08780    -13.377777
   1.11228    -13.389300
   1.13677    -13.399185
   1.16125    -13.407362
   1.18574    -13.413774
   1.21022    -13.418382
   1.23470    -13.421155
   1.25919    -13.422076
   1.25919    -13.422076
   1.28051    -13.421399
   1.30182    -13.419360
   1.32314    -13.415967
   1.34446    -13.411238
   1.36577    -13.405197
   1.38709    -13.397875
   1.40841    -13.389312
   1.42973    -13.379558
   1.45104    -13.368667
   1.47236    -13.356708
   1.49368    -13.343753
   1.51499    -13.329896
   1.53631    -13.315258
   1.55763    -13.300003
   1.57895    -13.284379
   1.60026    -13.268799
   1.62158    -13.254105
   1.64290    -13.242258
   1.66421    -13.237287
   1.66421    -12.910493
   1.71099    -12.913137
   1.75777    -12.921275
   1.80454    -12.935500
   1.85132    -12.956512
   1.89809    -12.984450
   1.94487    -13.018527
   1.99164    -13.057357
   2.03842    -13.099358
   2.08519    -13.143007
   2.13197    -13.186903
   2.17874    -13.229763
   2.22552    -13.270422
   2.27229    -13.307831
   2.31907    -13.341071
   2.36584    -13.369351
   2.41262    -13.392038
   2.45939    -13.408614
   2.50617    -13.418699
   2.55294    -13.422076
   2.55294    -13.422076
   2.58520    -13.420477
   2.61745    -13.415678
   2.64971    -13.407729
   2.68197    -13.396715
   2.71422    -13.382762
   2.74648    -13.366027
   2.77873    -13.346709
   2.81099    -13.325034
   2.84325    -13.301285
   2.87550    -13.275812
   2.90776    -13.249027
   2.94002    -13.221459
   2.97227    -13.193798
   3.00453    -13.166975
   3.03678    -13.142293
   3.06904    -13.121410
   3.10130    -13.105963
   3.13355    -13.096796
   3.16581    -13.093810
   3.16581    -12.935734
   3.20623    -12.942069
   3.24666    -12.959639
   3.28708    -12.985474
   3.32751    -13.016894
   3.36793    -13.051968
   3.40836    -13.089279
   3.44878    -13.127721
   3.48921    -13.166367
   3.52963    -13.204404
   3.57006    -13.241091
   3.61048    -13.275760
   3.65091    -13.307805
   3.69133    -13.336686
   3.73176    -13.361926
   3.77218    -13.383136
   3.81261    -13.399984
   3.85303    -13.412203
   3.89346    -13.419605
   3.93388    -13.422076
   3.93388    -13.422076
   3.98265    -13.418471
   4.03141    -13.407708
   4.08018    -13.390039
   4.12894    -13.365903
   4.17771    -13.335890
   4.22648    -13.300733
   4.27524    -13.261356
   4.32401    -13.218829
   4.37277    -13.174388
   4.42154    -13.129423
   4.47030    -13.085465
   4.51907    -13.044177
   4.56784    -13.007285
   4.61660    -12.976316
   4.66537    -12.952206
   4.71413    -12.934937
   4.76290    -12.923686
   4.81166    -12.917418
   4.86043    -12.915411
 
# Band-Index    2
   4.86043    -12.797204
   4.81166    -12.798879
   4.76290    -12.804229
   4.71413    -12.813441
   4.66537    -12.825391
   4.61660    -12.838210
   4.56784    -12.850560
   4.51907    -12.861983
   4.47030    -12.872553
   4.42154    -12.882463
   4.37277    -12.891835
   4.32401    -12.900669
   4.27524    -12.908882
   4.22648    -12.916344
   4.17771    -12.922918
   4.12894    -12.928477
   4.08018    -12.932908
   4.03141    -12.936126
   3.98265    -12.938078
   3.93388    -12.938732
   3.93388    -12.938732
   3.89346    -12.938030
   3.85303    -12.935936
   3.81261    -12.932494
   3.77218    -12.927769
   3.73176    -12.921860
   3.69133    -12.914889
   3.65091    -12.907010
   3.61048    -12.898399
   3.57006    -12.889257
   3.52963    -12.879806
   3.48921    -12.870288
   3.44878    -12.860957
   3.40836    -12.852074
   3.36793    -12.843889
   3.32751    -12.836639
   3.28708    -12.830533
   3.24666    -12.825754
   3.20623    -12.822541
   3.16581    -12.821360
   3.16581    -12.951800
   3.13355    -12.964872
   3.10130    -12.980135
   3.06904    -12.991608
   3.03678    -12.998500
   3.00453    -13.001460
   2.97227    -13.001456
   2.94002    -12.999266
   2.90776    -12.995435
   2.87550    -12.990356
   2.84325    -12.984355
   2.81099    -12.977727
   2.77873    -12.970769
   2.74648    -12.963788
   2.71422    -12.957102
   2.68197    -12.951038
   2.64971    -12.945912
   2.61745    -12.942010
   2.58520    -12.939564
   2.55294    -12.938732
   2.55294    -12.938732
   2.50617    -12.937824
   2.45939    -12.935137
   2.41262    -12.930772
   2.36584    -12.924910
   2.31907    -12.917818
   2.27229    -12.909848
   2.22552    -12.901431
   2.17874    -12.893024
   2.13197    -12.885007
   2.08519    -12.877531
   2.03842    -12.870391
   1.99164    -12.863056
   1.94487    -12.854801
   1.89809    -12.844904
   1.85132    -12.832946
   1.80454    -12.819338
   1.75777    -12.805755
   1.71099    -12.795098
   1.66421    -12.790944
   1.66421    -13.169977
   1.64290    -13.164720
   1.62158    -13.152016
   1.60026    -13.135916
   1.57895    -13.118406
   1.55763    -13.100364
   1.53631    -13.082257
   1.51499    -13.064393
   1.49368    -13.047009
   1.47236    -13.030310
   1.45104    -13.014495
   1.42973    -12.999743
   1.40841    -12.986232
   1.38709    -12.974132
   1.36577    -12.963607
   1.34446    -12.954799
   1.32314    -12.947832
   1.30182    -12.942795
   1.28051    -12.939750
   1.25919    -12.938732
   1.25919    -12.938732
   1.23470    -12.938555
   1.21022    -12.938045
   1.18574    -12.937260
   1.16125    -12.936306
   1.13677    -12.935357
   1.11228    -12.934689
   1.08780    -12.934724
   1.06332    -12.936078
   1.03883    -12.939565
   1.01435    -12.946012
   0.98986    -12.955895
   0.96538    -12.969058
   0.94090    -12.984846
   0.91641    -13.002416
   0.89193    -13.020859
   0.86744    -13.039111
   0.84296    -13.055661
   0.81848    -13.068040
   0.79399    -13.072821
   0.79399    -12.818932
   0.75220    -12.824201
   0.71041    -12.834387
   0.66862    -12.844609
   0.62684    -12.853923
   0.58505    -12.862559
   0.54326    -12.870844
   0.50147    -12.878946
   0.45968    -12.886898
   0.41789    -12.894644
   0.37610    -12.902089
   0.33431    -12.909115
   0.29252    -12.915607
   0.25073    -12.921454
   0.20895    -12.926564
   0.16716    -12.930857
   0.12537    -12.934265
   0.08358    -12.936735
   0.04179    -12.938231
   0.00000    -12.938732
 
# Band-Index    3
   0.00000    -12.785503
   0.04179    -12.784854
   0.08358    -12.782931
   0.12537    -12.779817
   0.16716    -12.775649
   0.20895    -12.770627
   0.25073    -12.765003
   0.29252    -12.759075
   0.33431    -12.753197
   0.37610    -12.747767
   0.41789    -12.743221
   0.45968    -12.740006
   0.50147    -12.738556
   0.54326    -12.739263
   0.58505    -12.742416
   0.62684    -12.748155
   0.66862    -12.756387
   0.71041    -12.766570
   0.75220    -12.776962
   0.79399    -12.782312
   0.79399    -12.840874
   0.81848    -12.841467
   0.84296    -12.843130
   0.86744    -12.845562
   0.89193    -12.848345
   0.91641    -12.850996
   0.94090    -12.852971
   0.96538    -12.853650
   0.98986    -12.852375
   1.01435    -12.848638
   1.03883    -12.842408
   1.06332    -12.834264
   1.08780    -12.825134
   1.11228    -12.815920
   1.13677    -12.807310
   1.16125    -12.799785
   1.18574    -12.793668
   1.21022    -12.789171
   1.23470    -12.786425
   1.25919    -12.785503
   1.25919    -12.785503
   1.28051    -12.785443
   1.30182    -12.785241
   1.32314    -12.784841
   1.34446    -12.784167
   1.36577    -12.783147
   1.38709    -12.781728
   1.40841    -12.779881
   1.42973    -12.777605
   1.45104    -12.774922
   1.47236    -12.771870
   1.49368    -12.768504
   1.51499    -12.764894
   1.53631    -12.761124
   1.55763    -12.757300
   1.57895    -12.753558
   1.60026    -12.750088
   1.62158    -12.747160
   1.64290    -12.745139
   1.66421    -12.744405
   1.66421    -12.781061
   1.71099    -12.780707
   1.75777    -12.779589
   1.80454    -12.778334
   1.85132    -12.777872
   1.89809    -12.778942
   1.94487    -12.781776
   1.99164    -12.785980
   2.03842    -12.790723
   2.08519    -12.795033
   2.13197    -12.798105
   2.17874    -12.799519
   2.22552    -12.799272
   2.27229    -12.797683
   2.31907    -12.795231
   2.36584    -12.792417
   2.41262    -12.789700
   2.45939    -12.787468
   2.50617    -12.786009
   2.55294    -12.785503
   2.55294    -12.785503
   2.58520    -12.786437
   2.61745    -12.789207
   2.64971    -12.793709
   2.68197    -12.799797
   2.71422    -12.807286
   2.74648    -12.815980
   2.77873    -12.825662
   2.81099    -12.836095
   2.84325    -12.847039
   2.87550    -12.858234
   2.90776    -12.869419
   2.94002    -12.880327
   2.97227    -12.890699
   3.00453    -12.900305
   3.03678    -12.908984
   3.06904    -12.916768
   3.10130    -12.924237
   3.13355    -12.933265
   3.16581    -12.943327
   3.16581    -12.763478
   3.20623    -12.760248
   3.24666    -12.752383
   3.28708    -12.743722
   3.32751    -12.738245
   3.36793    -12.737347
   3.40836    -12.739249
   3.44878    -12.742560
   3.48921    -12.746687
   3.52963    -12.751311
   3.57006    -12.756209
   3.61048    -12.761190
   3.65091    -12.766077
   3.69133    -12.770699
   3.73176    -12.774904
   3.77218    -12.778550
   3.81261    -12.781517
   3.85303    -12.783708
   3.89346    -12.785051
   3.93388    -12.785503
   3.93388    -12.785503
   3.98265    -12.785804
   4.03141    -12.786676
   4.08018    -12.788033
   4.12894    -12.789733
   4.17771    -12.791596
   4.22648    -12.793418
   4.27524    -12.794976
   4.32401    -12.796066
   4.37277    -12.796524
   4.42154    -12.796248
   4.47030    -12.795211
   4.51907    -12.793470
   4.56784    -12.791149
   4.61660    -12.788401
   4.66537    -12.785339
   4.71413    -12.781965
   4.76290    -12.778332
   4.81166    -12.775146
   4.86043    -12.773828
 
# Band-Index    4
   4.86043    -12.728576
   4.81166    -12.728406
   4.76290    -12.727884
   4.71413    -12.727009
   4.66537    -12.725762
   4.61660    -12.724137
   4.56784    -12.722153
   4.51907    -12.719861
   4.47030    -12.717353
   4.42154    -12.714735
   4.37277    -12.712123
   4.32401    -12.709614
   4.27524    -12.707297
   4.22648    -12.705236
   4.17771    -12.703477
   4.12894    -12.702041
   4.08018    -12.700932
   4.03141    -12.700144
   3.98265    -12.699672
   3.93388    -12.699515
   3.93388    -12.699515
   3.89346    -12.699212
   3.85303    -12.698328
   3.81261    -12.696943
   3.77218    -12.695197
   3.73176    -12.693273
   3.69133    -12.691400
   3.65091    -12.689841
   3.61048    -12.688881
   3.57006    -12.688813
   3.52963    -12.689924
   3.48921    -12.692462
   3.44878    -12.696592
   3.40836    -12.702287
   3.36793    -12.709074
   3.32751    -12.715424
   3.28708    -12.719003
   3.24666    -12.719958
   3.20623    -12.719991
   3.16581    -12.719936
   3.16581    -12.893572
   3.13355    -12.887330
   3.10130    -12.871188
   3.06904    -12.850524
   3.03678    -12.828878
   3.00453    -12.807867
   2.97227    -12.788270
   2.94002    -12.770511
   2.90776    -12.754822
   2.87550    -12.741315
   2.84325    -12.730013
   2.81099    -12.720850
   2.77873    -12.713699
   2.74648    -12.708372
   2.71422    -12.704624
   2.68197    -12.702174
   2.64971    -12.700717
   2.61745    -12.699949
   2.58520    -12.699606
   2.55294    -12.699515
   2.55294    -12.699515
   2.50617    -12.699515
   2.45939    -12.699531
   2.41262    -12.699617
   2.36584    -12.699862
   2.31907    -12.700377
   2.27229    -12.701272
   2.22552    -12.702646
   2.17874    -12.704571
   2.13197    -12.707071
   2.08519    -12.710109
   2.03842    -12.713564
   1.99164    -12.717237
   1.94487    -12.720887
   1.89809    -12.724320
   1.85132    -12.727557
   1.80454    -12.730912
   1.75777    -12.734664
   1.71099    -12.738330
   1.66421    -12.740047
   1.66421    -12.714235
   1.64290    -12.713652
   1.62158    -12.712080
   1.60026    -12.709897
   1.57895    -12.707455
   1.55763    -12.705011
   1.53631    -12.702732
   1.51499    -12.700731
   1.49368    -12.699081
   1.47236    -12.697820
   1.45104    -12.696967
   1.42973    -12.696515
   1.40841    -12.696433
   1.38709    -12.696669
   1.36577    -12.697144
   1.34446    -12.697762
   1.32314    -12.698415
   1.30182    -12.698986
   1.28051    -12.699377
   1.25919    -12.699515
   1.25919    -12.699515
   1.23470    -12.699816
   1.21022    -12.700713
   1.18574    -12.702196
   1.16125    -12.704239
   1.13677    -12.706816
   1.11228    -12.709893
   1.08780    -12.713435
   1.06332    -12.717400
   1.03883    -12.721739
   1.01435    -12.726390
   0.98986    -12.731279
   0.96538    -12.736315
   0.94090    -12.741382
   0.91641    -12.746326
   0.89193    -12.750959
   0.86744    -12.755039
   0.84296    -12.758279
   0.81848    -12.760385
   0.79399    -12.761119
   0.79399    -12.698651
   0.75220    -12.698582
   0.71041    -12.698393
   0.66862    -12.698126
   0.62684    -12.697834
   0.58505    -12.697555
   0.54326    -12.697309
   0.50147    -12.697103
   0.45968    -12.696956
   0.41789    -12.696891
   0.37610    -12.696934
   0.33431    -12.697096
   0.29252    -12.697369
   0.25073    -12.697728
   0.20895    -12.698141
   0.16716    -12.698562
   0.12537    -12.698948
   0.08358    -12.699254
   0.04179    -12.699449
   0.00000    -12.699515
 
# Band-Index    5
   0.00000     -6.265315
   0.04179     -6.265686
   0.08358     -6.266792
   0.12537     -6.268830
   0.16716     -6.272032
   0.20895     -6.275841
   0.25073     -6.278848
   0.29252     -6.279718
   0.33431     -6.277806
   0.37610     -6.273177
   0.41789     -6.266431
   0.45968     -6.258522
   0.50147     -6.250621
   0.54326     -6.244420
   0.58505     -6.243831
   0.62684     -6.254473
   0.66862     -6.270029
   0.71041     -6.283216
   0.75220     -6.291653
   0.79399     -6.294536
   0.79399     -6.338455
   0.81848     -6.337513
   0.84296     -6.334700
   0.86744     -6.330072
   0.89193     -6.323732
   0.91641     -6.315897
   0.94090     -6.306967
   0.96538     -6.297612
   0.98986     -6.288800
   1.01435     -6.281562
   1.03883     -6.276553
   1.06332     -6.273679
   1.08780     -6.272215
   1.11228     -6.271312
   1.13677     -6.270392
   1.16125     -6.269239
   1.18574     -6.267904
   1.21022     -6.266612
   1.23470     -6.265664
   1.25919     -6.265315
   1.25919     -6.265315
   1.28051     -6.265464
   1.30182     -6.265916
   1.32314     -6.266703
   1.34446     -6.267902
   1.36577     -6.269643
   1.38709     -6.272070
   1.40841     -6.275281
   1.42973     -6.279261
   1.45104     -6.283855
   1.47236     -6.288795
   1.49368     -6.293750
   1.51499     -6.298396
   1.53631     -6.302458
   1.55763     -6.305750
   1.57895     -6.308180
   1.60026     -6.309763
   1.62158     -6.310631
   1.64290     -6.310999
   1.66421     -6.311088
   1.66421     -6.210174
   1.71099     -6.233471
   1.75777     -6.268804
   1.80454     -6.298580
   1.85132     -6.318545
   1.89809     -6.327141
   1.94487     -6.324337
   1.99164     -6.311460
   2.03842     -6.291296
   2.08519     -6.268173
   2.13197     -6.247476
   2.17874     -6.234394
   2.22552     -6.232072
   2.27229     -6.237288
   2.31907     -6.244190
   2.36584     -6.250652
   2.41262     -6.256392
   2.45939     -6.261096
   2.50617     -6.264219
   2.55294     -6.265315
   2.55294     -6.265315
   2.58520     -6.265916
   2.61745     -6.267551
   2.64971     -6.269887
   2.68197     -6.272712
   2.71422     -6.276043
   2.74648     -6.280066
   2.77873     -6.285028
   2.81099     -6.291045
   2.84325     -6.297717
   2.87550     -6.304055
   2.90776     -6.309066
   2.94002     -6.312236
   2.97227     -6.313500
   3.00453     -6.313068
   3.03678     -6.311316
   3.06904     -6.308742
   3.10130     -6.306011
   3.13355     -6.303899
   3.16581     -6.303101
   3.16581     -6.104710
   3.20623     -6.105850
   3.24666     -6.108137
   3.28708     -6.109589
   3.32751     -6.109116
   3.36793     -6.111867
   3.40836     -6.136237
   3.44878     -6.161051
   3.48921     -6.184367
   3.52963     -6.205058
   3.57006     -6.222452
   3.61048     -6.236247
   3.65091     -6.246489
   3.69133     -6.253580
   3.73176     -6.258199
   3.77218     -6.261148
   3.81261     -6.263090
   3.85303     -6.264365
   3.89346     -6.265086
   3.93388     -6.265315
   3.93388     -6.265315
   3.98265     -6.267258
   4.03141     -6.271813
   4.08018     -6.276897
   4.12894     -6.280930
   4.17771     -6.282327
   4.22648     -6.279739
   4.27524     -6.273217
   4.32401     -6.265463
   4.37277     -6.261755
   4.42154     -6.266262
   4.47030     -6.279232
   4.51907     -6.299881
   4.56784     -6.326758
   4.61660     -6.355043
   4.66537     -6.380301
   4.71413     -6.400567
   4.76290     -6.415183
   4.81166     -6.423958
   4.86043     -6.426873
 
# Band-Index    6
   4.86043     -6.324036
   4.81166     -6.322879
   4.76290     -6.319273
   4.71413     -6.312904
   4.66537     -6.303337
   4.61660     -6.289911
   4.56784     -6.271269
   4.51907     -6.244426
   4.47030     -6.207179
   4.42154     -6.163164
   4.37277     -6.148514
   4.32401     -6.162850
   4.27524     -6.171869
   4.22648     -6.178569
   4.17771     -6.184387
   4.12894     -6.188929
   4.08018     -6.191617
   4.03141     -6.192236
   3.98265     -6.190681
   3.93388     -6.188643
   3.93388     -6.188643
   3.89346     -6.187515
   3.85303     -6.184379
   3.81261     -6.179491
   3.77218     -6.172756
   3.73176     -6.163981
   3.69133     -6.153275
   3.65091     -6.141250
   3.61048     -6.128949
   3.57006     -6.117675
   3.52963     -6.108799
   3.48921     -6.103451
   3.44878     -6.102006
   3.40836     -6.103628
   3.36793     -6.106207
   3.32751     -6.088966
   3.28708     -6.071877
   3.24666     -6.061866
   3.20623     -6.058016
   3.16581     -6.057298
   3.16581     -6.213741
   3.13355     -6.220492
   3.10130     -6.234371
   3.06904     -6.248751
   3.03678     -6.261130
   3.00453     -6.270570
   2.97227     -6.276758
   2.94002     -6.279752
   2.90776     -6.279830
   2.87550     -6.277297
   2.84325     -6.272271
   2.81099     -6.264619
   2.77873     -6.254361
   2.74648     -6.242184
   2.71422     -6.229280
   2.68197     -6.216872
   2.64971     -6.205962
   2.61745     -6.197231
   2.58520     -6.191125
   2.55294     -6.188643
   2.55294     -6.188643
   2.50617     -6.187102
   2.45939     -6.185613
   2.41262     -6.187625
   2.36584     -6.190313
   2.31907     -6.191709
   2.27229     -6.191907
   2.22552     -6.190483
   2.17874     -6.184040
   2.13197     -6.172560
   2.08519     -6.163749
   2.03842     -6.164527
   1.99164     -6.171123
   1.94487     -6.177345
   1.89809     -6.180401
   1.85132     -6.179155
   1.80454     -6.173256
   1.75777     -6.163648
   1.71099     -6.156755
   1.66421     -6.163144
   1.66421     -6.274200
   1.64290     -6.273157
   1.62158     -6.270158
   1.60026     -6.265526
   1.57895     -6.259641
   1.55763     -6.252849
   1.53631     -6.245460
   1.51499     -6.237726
   1.49368     -6.229860
   1.47236     -6.222057
   1.45104     -6.214515
   1.42973     -6.207452
   1.40841     -6.201124
   1.38709     -6.195795
   1.36577     -6.191690
   1.34446     -6.188966
   1.32314     -6.187698
   1.30182     -6.187710
   1.28051     -6.188316
   1.25919     -6.188643
   1.25919     -6.188643
   1.23470     -6.189650
   1.21022     -6.192394
   1.18574     -6.196519
   1.16125     -6.201919
   1.13677     -6.208615
   1.11228     -6.216629
   1.08780     -6.225928
   1.06332     -6.236403
   1.03883     -6.247791
   1.01435     -6.259602
   0.98986     -6.271194
   0.96538     -6.282020
   0.94090     -6.291823
   0.91641     -6.300504
   0.89193     -6.307947
   0.86744     -6.313986
   0.84296     -6.318452
   0.81848     -6.321197
   0.79399     -6.322123
   0.79399     -6.207242
   0.75220     -6.207900
   0.71041     -6.209752
   0.66862     -6.212269
   0.62684     -6.213681
   0.58505     -6.207808
   0.54326     -6.190000
   0.50147     -6.168176
   0.45968     -6.149101
   0.41789     -6.137172
   0.37610     -6.134623
   0.33431     -6.140443
   0.29252     -6.151217
   0.25073     -6.163191
   0.20895     -6.173438
   0.16716     -6.180204
   0.12537     -6.183507
   0.08358     -6.185289
   0.04179     -6.187382
   0.00000     -6.188643
 
# Band-Index    7
   0.00000     -6.170825
   0.04179     -6.168249
   0.08358     -6.159837
   0.12537     -6.146356
   0.16716     -6.130486
   0.20895     -6.113877
   0.25073     -6.096838
   0.29252     -6.079493
   0.33431     -6.062171
   0.37610     -6.045240
   0.41789     -6.029360
   0.45968     -6.016304
   0.50147     -6.009136
   0.54326     -6.010878
   0.58505     -6.022301
   0.62684     -6.040008
   0.66862     -6.058569
   0.71041     -6.073999
   0.75220     -6.084020
   0.79399     -6.087478
   0.79399     -6.023706
   0.81848     -6.043750
   0.84296     -6.070603
   0.86744     -6.096157
   0.89193     -6.119544
   0.91641     -6.140302
   0.94090     -6.158027
   0.96538     -6.172263
   0.98986     -6.182472
   1.01435     -6.188097
   1.03883     -6.188904
   1.06332     -6.185547
   1.08780     -6.179736
   1.11228     -6.173635
   1.13677     -6.169051
   1.16125     -6.166881
   1.18574     -6.166962
   1.21022     -6.168418
   1.23470     -6.170087
   1.25919     -6.170825
   1.25919     -6.170825
   1.28051     -6.170399
   1.30182     -6.168859
   1.32314     -6.165660
   1.34446     -6.160555
   1.36577     -6.153806
   1.38709     -6.145762
   1.40841     -6.136574
   1.42973     -6.126234
   1.45104     -6.114708
   1.47236     -6.102076
   1.49368     -6.088636
   1.51499     -6.074980
   1.53631     -6.062040
   1.55763     -6.051006
   1.57895     -6.042843
   1.60026     -6.037669
   1.62158     -6.034808
   1.64290     -6.033453
   1.66421     -6.033061
   1.66421     -6.112568
   1.71099     -6.102592
   1.75777     -6.070112
   1.80454     -6.036437
   1.85132     -6.017675
   1.89809     -6.018295
   1.94487     -6.032181
   1.99164     -6.052084
   2.03842     -6.070523
   2.08519     -6.078104
   2.13197     -6.071397
   2.17874     -6.065679
   2.22552     -6.075698
   2.27229     -6.095451
   2.31907     -6.117196
   2.36584     -6.137609
   2.41262     -6.154799
   2.45939     -6.166493
   2.50617     -6.170538
   2.55294     -6.170825
   2.55294     -6.170825
   2.58520     -6.166953
   2.61745     -6.156887
   2.64971     -6.142147
   2.68197     -6.123982
   2.71422     -6.105530
   2.74648     -6.096891
   2.77873     -6.099776
   2.81099     -6.103781
   2.84325     -6.106233
   2.87550     -6.107219
   2.90776     -6.107486
   2.94002     -6.108048
   2.97227     -6.109966
   3.00453     -6.114090
   3.03678     -6.120725
   3.06904     -6.129610
   3.10130     -6.140271
   3.13355     -6.151492
   3.16581     -6.157414
   3.16581     -5.970022
   3.20623     -5.972089
   3.24666     -5.977545
   3.28708     -5.983701
   3.32751     -5.987938
   3.36793     -5.989996
   3.40836     -5.991018
   3.44878     -5.992663
   3.48921     -5.997068
   3.52963     -6.006057
   3.57006     -6.020115
   3.61048     -6.038392
   3.65091     -6.059398
   3.69133     -6.081646
   3.73176     -6.103902
   3.77218     -6.125018
   3.81261     -6.143665
   3.85303     -6.158335
   3.89346     -6.167657
   3.93388     -6.170825
   3.93388     -6.170825
   3.98265     -6.162221
   4.03141     -6.144093
   4.08018     -6.127347
   4.12894     -6.119597
   4.17771     -6.111996
   4.22648     -6.098438
   4.27524     -6.080146
   4.32401     -6.074432
   4.37277     -6.109571
   4.42154     -6.116724
   4.47030     -6.083318
   4.51907     -6.043891
   4.56784     -6.003507
   4.61660     -5.965632
   4.66537     -5.932576
   4.71413     -5.904929
   4.76290     -5.880911
   4.81166     -5.857433
   4.86043     -5.837977
 
# Band-Index    8
   4.86043     -5.824448
   4.81166     -5.807250
   4.76290     -5.798236
   4.71413     -5.801208
   4.66537     -5.805236
   4.61660     -5.812927
   4.56784     -5.836612
   4.51907     -5.875452
   4.47030     -5.919449
   4.42154     -5.962655
   4.37277     -6.000886
   4.32401     -6.024227
   4.27524     -6.010535
   4.22648     -6.004256
   4.17771     -6.021993
   4.12894     -6.047782
   4.08018     -6.063073
   4.03141     -6.052599
   3.98265     -6.021610
   3.93388     -5.989193
   3.93388     -5.989193
   3.89346     -6.004319
   3.85303     -6.020492
   3.81261     -6.028009
   3.77218     -6.025770
   3.73176     -6.014425
   3.69133     -5.995896
   3.65091     -5.972887
   3.61048     -5.948372
   3.57006     -5.925973
   3.52963     -5.916153
   3.48921     -5.923756
   3.44878     -5.931715
   3.40836     -5.936317
   3.36793     -5.938459
   3.32751     -5.939074
   3.28708     -5.938311
   3.24666     -5.935530
   3.20623     -5.929863
   3.16581     -5.924171
   3.16581     -6.106294
   3.13355     -6.100950
   3.10130     -6.085683
   3.06904     -6.064212
   3.03678     -6.042983
   3.00453     -6.027290
   2.97227     -6.016507
   2.94002     -6.007832
   2.90776     -6.000695
   2.87550     -5.996996
   2.84325     -6.001065
   2.81099     -6.015977
   2.77873     -6.037740
   2.74648     -6.057888
   2.71422     -6.062483
   2.68197     -6.051644
   2.64971     -6.035103
   2.61745     -6.016534
   2.58520     -5.998808
   2.55294     -5.989193
   2.55294     -5.989193
   2.50617     -5.996373
   2.45939     -6.001824
   2.41262     -5.998610
   2.36584     -5.988156
   2.31907     -5.973798
   2.27229     -5.959407
   2.22552     -5.952991
   2.17874     -5.958819
   2.13197     -5.952282
   2.08519     -5.930390
   2.03842     -5.903819
   1.99164     -5.883256
   1.94487     -5.887278
   1.89809     -5.915963
   1.85132     -5.952533
   1.80454     -5.987090
   1.75777     -6.018521
   1.71099     -6.047091
   1.66421     -6.060965
   1.66421     -5.921566
   1.64290     -5.926615
   1.62158     -5.937910
   1.60026     -5.951171
   1.57895     -5.963638
   1.55763     -5.973707
   1.53631     -5.981156
   1.51499     -5.986930
   1.49368     -5.992289
   1.47236     -5.998084
   1.45104     -6.004413
   1.42973     -6.010601
   1.40841     -6.015512
   1.38709     -6.018019
   1.36577     -6.017424
   1.34446     -6.013685
   1.32314     -6.007409
   1.30182     -5.999744
   1.28051     -5.992543
   1.25919     -5.989193
   1.25919     -5.989193
   1.23470     -5.991339
   1.21022     -5.996598
   1.18574     -6.002783
   1.16125     -6.007853
   1.13677     -6.010076
   1.11228     -6.008329
   1.08780     -6.002330
   1.06332     -5.992490
   1.03883     -5.979508
   1.01435     -5.964087
   0.98986     -5.946864
   0.96538     -5.928443
   0.94090     -5.909571
   0.91641     -5.892223
   0.89193     -5.892366
   0.86744     -5.918930
   0.84296     -5.949309
   0.81848     -5.979389
   0.79399     -6.000547
   0.79399     -6.022634
   0.75220     -6.020141
   0.71041     -6.013067
   0.66862     -6.002424
   0.62684     -5.989238
   0.58505     -5.973625
   0.54326     -5.954551
   0.50147     -5.932310
   0.45968     -5.908960
   0.41789     -5.885537
   0.37610     -5.861820
   0.33431     -5.874015
   0.29252     -5.918107
   0.25073     -5.961544
   0.20895     -5.998850
   0.16716     -6.025725
   0.12537     -6.038029
   0.08358     -6.033298
   0.04179     -6.012715
   0.00000     -5.989193
 
# Band-Index    9
   0.00000     -5.960611
   0.04179     -5.927034
   0.08358     -5.876316
   0.12537     -5.822940
   0.16716     -5.776869
   0.20895     -5.767941
   0.25073     -5.787865
   0.29252     -5.811499
   0.33431     -5.836195
   0.37610     -5.839216
   0.41789     -5.827862
   0.45968     -5.824874
   0.50147     -5.818488
   0.54326     -5.806355
   0.58505     -5.790132
   0.62684     -5.773150
   0.66862     -5.758284
   0.71041     -5.746994
   0.75220     -5.739872
   0.79399     -5.737405
   0.79399     -5.815031
   0.81848     -5.819590
   0.84296     -5.831288
   0.86744     -5.846657
   0.89193     -5.860669
   0.91641     -5.850855
   0.94090     -5.843512
   0.96538     -5.859538
   0.98986     -5.876089
   1.01435     -5.891593
   1.03883     -5.905618
   1.06332     -5.917904
   1.08780     -5.928315
   1.11228     -5.936842
   1.13677     -5.943613
   1.16125     -5.948926
   1.18574     -5.953181
   1.21022     -5.956715
   1.23470     -5.959463
   1.25919     -5.960611
   1.25919     -5.960611
   1.28051     -5.957655
   1.30182     -5.951374
   1.32314     -5.944459
   1.34446     -5.937747
   1.36577     -5.931311
   1.38709     -5.924893
   1.40841     -5.918050
   1.42973     -5.910225
   1.45104     -5.900931
   1.47236     -5.890561
   1.49368     -5.883951
   1.51499     -5.887001
   1.53631     -5.892655
   1.55763     -5.897663
   1.57895     -5.901623
   1.60026     -5.904646
   1.62158     -5.906976
   1.64290     -5.908942
   1.66421     -5.910161
   1.66421     -5.655171
   1.71099     -5.661598
   1.75777     -5.681638
   1.80454     -5.711192
   1.85132     -5.743770
   1.89809     -5.775613
   1.94487     -5.801913
   1.99164     -5.812686
   2.03842     -5.816749
   2.08519     -5.833871
   2.13197     -5.858333
   2.17874     -5.879818
   2.22552     -5.884337
   2.27229     -5.861679
   2.31907     -5.849667
   2.36584     -5.868291
   2.41262     -5.894055
   2.45939     -5.921105
   2.50617     -5.946492
   2.55294     -5.960611
   2.55294     -5.960611
   2.58520     -5.953449
   2.61745     -5.942735
   2.64971     -5.934678
   2.68197     -5.930293
   2.71422     -5.929385
   2.74648     -5.931194
   2.77873     -5.934495
   2.81099     -5.937358
   2.84325     -5.937290
   2.87550     -5.934848
   2.90776     -5.935258
   2.94002     -5.940986
   2.97227     -5.951721
   3.00453     -5.966634
   3.03678     -5.981220
   3.06904     -5.989995
   3.10130     -5.993570
   3.13355     -5.994647
   3.16581     -5.994840
   3.16581     -5.912933
   3.20623     -5.903380
   3.24666     -5.885837
   3.28708     -5.864668
   3.32751     -5.844438
   3.36793     -5.833592
   3.40836     -5.836755
   3.44878     -5.849479
   3.48921     -5.866772
   3.52963     -5.881582
   3.57006     -5.876197
   3.61048     -5.856335
   3.65091     -5.833563
   3.69133     -5.813314
   3.73176     -5.806327
   3.77218     -5.826869
   3.81261     -5.863317
   3.85303     -5.902533
   3.89346     -5.938701
   3.93388     -5.960611
   3.93388     -5.960611
   3.98265     -5.921512
   4.03141     -5.871000
   4.08018     -5.828974
   4.12894     -5.806739
   4.17771     -5.815038
   4.22648     -5.841914
   4.27524     -5.851406
   4.32401     -5.838226
   4.37277     -5.815444
   4.42154     -5.791930
   4.47030     -5.773340
   4.51907     -5.763324
   4.56784     -5.758575
   4.61660     -5.748039
   4.66537     -5.736723
   4.71413     -5.742353
   4.76290     -5.754652
   4.81166     -5.759739
   4.86043     -5.757932
 
# Band-Index   10
   4.86043     -5.714098
   4.81166     -5.706235
   4.76290     -5.690322
   4.71413     -5.685266
   4.66537     -5.697014
   4.61660     -5.698861
   4.56784     -5.691784
   4.51907     -5.685584
   4.47030     -5.682873
   4.42154     -5.686151
   4.37277     -5.701397
   4.32401     -5.725102
   4.27524     -5.747849
   4.22648     -5.763601
   4.17771     -5.768654
   4.12894     -5.749717
   4.08018     -5.717133
   4.03141     -5.694339
   3.98265     -5.683851
   3.93388     -5.679404
   3.93388     -5.679404
   3.89346     -5.683809
   3.85303     -5.695535
   3.81261     -5.711472
   3.77218     -5.726884
   3.73176     -5.730409
   3.69133     -5.716068
   3.65091     -5.716154
   3.61048     -5.725483
   3.57006     -5.734569
   3.52963     -5.742453
   3.48921     -5.749929
   3.44878     -5.758911
   3.40836     -5.771156
   3.36793     -5.785050
   3.32751     -5.795306
   3.28708     -5.802406
   3.24666     -5.809201
   3.20623     -5.814854
   3.16581     -5.817118
   3.16581     -5.941991
   3.13355     -5.940891
   3.10130     -5.937509
   3.06904     -5.931454
   3.03678     -5.921575
   3.00453     -5.905415
   2.97227     -5.880965
   2.94002     -5.852334
   2.90776     -5.831544
   2.87550     -5.826519
   2.84325     -5.824808
   2.81099     -5.817639
   2.77873     -5.805037
   2.74648     -5.788584
   2.71422     -5.769516
   2.68197     -5.748806
   2.64971     -5.727440
   2.61745     -5.706719
   2.58520     -5.688720
   2.55294     -5.679404
   2.55294     -5.679404
   2.50617     -5.682983
   2.45939     -5.696517
   2.41262     -5.720613
   2.36584     -5.753415
   2.31907     -5.786654
   2.27229     -5.790722
   2.22552     -5.772390
   2.17874     -5.755064
   2.13197     -5.744234
   2.08519     -5.739838
   2.03842     -5.735059
   1.99164     -5.719647
   1.94487     -5.697088
   1.89809     -5.677345
   1.85132     -5.666132
   1.80454     -5.660527
   1.75777     -5.652904
   1.71099     -5.639272
   1.66421     -5.628879
   1.66421     -5.825368
   1.64290     -5.821531
   1.62158     -5.812522
   1.60026     -5.803905
   1.57895     -5.802974
   1.55763     -5.813532
   1.53631     -5.830382
   1.51499     -5.847622
   1.49368     -5.859153
   1.47236     -5.856505
   1.45104     -5.845112
   1.42973     -5.830119
   1.40841     -5.812737
   1.38709     -5.793498
   1.36577     -5.772836
   1.34446     -5.751221
   1.32314     -5.729266
   1.30182     -5.707928
   1.28051     -5.689165
   1.25919     -5.679404
   1.25919     -5.679404
   1.23470     -5.678532
   1.21022     -5.676082
   1.18574     -5.672615
   1.16125     -5.669406
   1.13677     -5.669322
   1.11228     -5.675369
   1.08780     -5.687095
   1.06332     -5.703078
   1.03883     -5.722227
   1.01435     -5.743934
   0.98986     -5.767829
   0.96538     -5.793476
   0.94090     -5.819177
   0.91641     -5.820812
   0.89193     -5.804203
   0.86744     -5.788076
   0.84296     -5.774813
   0.81848     -5.766647
   0.79399     -5.764249
   0.79399     -5.651024
   0.75220     -5.651152
   0.71041     -5.657904
   0.66862     -5.673371
   0.62684     -5.692977
   0.58505     -5.712838
   0.54326     -5.730196
   0.50147     -5.743547
   0.45968     -5.753436
   0.41789     -5.764772
   0.37610     -5.777627
   0.33431     -5.775434
   0.29252     -5.762379
   0.25073     -5.747410
   0.20895     -5.739940
   0.16716     -5.734681
   0.12537     -5.716207
   0.08358     -5.697998
   0.04179     -5.684431
   0.00000     -5.679404
 
# Band-Index   11
   0.00000     -5.661097
   0.04179     -5.663241
   0.08358     -5.668439
   0.12537     -5.675872
   0.16716     -5.683250
   0.20895     -5.681287
   0.25073     -5.673399
   0.29252     -5.676930
   0.33431     -5.685726
   0.37610     -5.689904
   0.41789     -5.677561
   0.45968     -5.643443
   0.50147     -5.599645
   0.54326     -5.559085
   0.58505     -5.549156
   0.62684     -5.575774
   0.66862     -5.601982
   0.71041     -5.620918
   0.75220     -5.629360
   0.79399     -5.630048
   0.79399     -5.729478
   0.81848     -5.727583
   0.84296     -5.721706
   0.86744     -5.713187
   0.89193     -5.703957
   0.91641     -5.695201
   0.94090     -5.687518
   0.96538     -5.681110
   0.98986     -5.675889
   1.01435     -5.671615
   1.03883     -5.668064
   1.06332     -5.665141
   1.08780     -5.662929
   1.11228     -5.661690
   1.13677     -5.661408
   1.16125     -5.660913
   1.18574     -5.660520
   1.21022     -5.660641
   1.23470     -5.660949
   1.25919     -5.661097
   1.25919     -5.661097
   1.28051     -5.657618
   1.30182     -5.654861
   1.32314     -5.654543
   1.34446     -5.655650
   1.36577     -5.657713
   1.38709     -5.660696
   1.40841     -5.664778
   1.42973     -5.670216
   1.45104     -5.677243
   1.47236     -5.685979
   1.49368     -5.696364
   1.51499     -5.708045
   1.53631     -5.720149
   1.55763     -5.730596
   1.57895     -5.734699
   1.60026     -5.727959
   1.62158     -5.714760
   1.64290     -5.702874
   1.66421     -5.698082
   1.66421     -5.590430
   1.71099     -5.578841
   1.75777     -5.558702
   1.80454     -5.560029
   1.85132     -5.569083
   1.89809     -5.572730
   1.94487     -5.571002
   1.99164     -5.569843
   2.03842     -5.573169
   2.08519     -5.581069
   2.13197     -5.592164
   2.17874     -5.605680
   2.22552     -5.620854
   2.27229     -5.635358
   2.31907     -5.646343
   2.36584     -5.652957
   2.41262     -5.656884
   2.45939     -5.660100
   2.50617     -5.661568
   2.55294     -5.661097
   2.55294     -5.661097
   2.58520     -5.657387
   2.61745     -5.653749
   2.64971     -5.650409
   2.68197     -5.645034
   2.71422     -5.637612
   2.74648     -5.631467
   2.77873     -5.636603
   2.81099     -5.658167
   2.84325     -5.687971
   2.87550     -5.717966
   2.90776     -5.735434
   2.94002     -5.728620
   2.97227     -5.707154
   3.00453     -5.683557
   3.03678     -5.664188
   3.06904     -5.651322
   3.10130     -5.644264
   3.13355     -5.641074
   3.16581     -5.640194
   3.16581     -5.597814
   3.20623     -5.600666
   3.24666     -5.608564
   3.28708     -5.619436
   3.32751     -5.630197
   3.36793     -5.637766
   3.40836     -5.640369
   3.44878     -5.638949
   3.48921     -5.637273
   3.52963     -5.639211
   3.57006     -5.646474
   3.61048     -5.659572
   3.65091     -5.678415
   3.69133     -5.692411
   3.73176     -5.686293
   3.77218     -5.677194
   3.81261     -5.669675
   3.85303     -5.664566
   3.89346     -5.661863
   3.93388     -5.661097
   3.93388     -5.661097
   3.98265     -5.663489
   4.03141     -5.672005
   4.08018     -5.671689
   4.12894     -5.652520
   4.17771     -5.628958
   4.22648     -5.616607
   4.27524     -5.612816
   4.32401     -5.614141
   4.37277     -5.616886
   4.42154     -5.614625
   4.47030     -5.607303
   4.51907     -5.599443
   4.56784     -5.583471
   4.61660     -5.559004
   4.66537     -5.565137
   4.71413     -5.591077
   4.76290     -5.593920
   4.81166     -5.581220
   4.86043     -5.574391
 
# Band-Index   12
   4.86043     -5.494129
   4.81166     -5.493825
   4.76290     -5.496213
   4.71413     -5.506530
   4.66537     -5.527091
   4.61660     -5.537519
   4.56784     -5.536675
   4.51907     -5.546859
   4.47030     -5.554624
   4.42154     -5.549868
   4.37277     -5.536952
   4.32401     -5.524084
   4.27524     -5.517958
   4.22648     -5.536080
   4.17771     -5.569080
   4.12894     -5.588385
   4.08018     -5.594396
   4.03141     -5.594686
   3.98265     -5.592605
   3.93388     -5.591223
   3.93388     -5.591223
   3.89346     -5.590864
   3.85303     -5.589848
   3.81261     -5.588189
   3.77218     -5.585976
   3.73176     -5.583344
   3.69133     -5.579242
   3.65091     -5.570820
   3.61048     -5.555811
   3.57006     -5.535568
   3.52963     -5.514998
   3.48921     -5.500781
   3.44878     -5.498101
   3.40836     -5.505581
   3.36793     -5.516167
   3.32751     -5.524561
   3.28708     -5.529143
   3.24666     -5.530395
   3.20623     -5.529832
   3.16581     -5.529330
   3.16581     -5.559409
   3.13355     -5.558527
   3.10130     -5.556149
   3.06904     -5.552937
   3.03678     -5.549561
   3.00453     -5.546548
   2.97227     -5.544668
   2.94002     -5.545190
   2.90776     -5.549255
   2.87550     -5.557113
   2.84325     -5.567862
   2.81099     -5.579400
   2.77873     -5.587135
   2.74648     -5.583593
   2.71422     -5.573888
   2.68197     -5.568335
   2.64971     -5.570908
   2.61745     -5.579775
   2.58520     -5.588188
   2.55294     -5.591223
   2.55294     -5.591223
   2.50617     -5.592011
   2.45939     -5.591402
   2.41262     -5.584819
   2.36584     -5.570680
   2.31907     -5.551559
   2.27229     -5.529326
   2.22552     -5.502127
   2.17874     -5.468656
   2.13197     -5.438756
   2.08519     -5.430048
   2.03842     -5.435153
   1.99164     -5.449235
   1.94487     -5.466474
   1.89809     -5.486415
   1.85132     -5.508746
   1.80454     -5.532164
   1.75777     -5.547763
   1.71099     -5.543615
   1.66421     -5.542095
   1.66421     -5.583425
   1.64290     -5.580311
   1.62158     -5.572838
   1.60026     -5.564256
   1.57895     -5.556672
   1.55763     -5.550867
   1.53631     -5.546807
   1.51499     -5.544093
   1.49368     -5.542241
   1.47236     -5.540828
   1.45104     -5.539569
   1.42973     -5.538332
   1.40841     -5.537146
   1.38709     -5.536185
   1.36577     -5.535802
   1.34446     -5.537398
   1.32314     -5.550857
   1.30182     -5.570135
   1.28051     -5.585258
   1.25919     -5.591223
   1.25919     -5.591223
   1.23470     -5.593104
   1.21022     -5.598239
   1.18574     -5.605494
   1.16125     -5.613458
   1.13677     -5.620232
   1.11228     -5.623850
   1.08780     -5.624368
   1.06332     -5.623854
   1.03883     -5.624058
   1.01435     -5.625672
   0.98986     -5.628575
   0.96538     -5.632188
   0.94090     -5.635826
   0.91641     -5.639034
   0.89193     -5.641771
   0.86744     -5.644317
   0.84296     -5.646921
   0.81848     -5.649251
   0.79399     -5.650255
   0.79399     -5.410340
   0.75220     -5.415586
   0.71041     -5.429588
   0.66862     -5.449276
   0.62684     -5.473194
   0.58505     -5.497608
   0.54326     -5.488355
   0.50147     -5.462898
   0.45968     -5.479505
   0.41789     -5.496388
   0.37610     -5.514969
   0.33431     -5.536254
   0.29252     -5.560101
   0.25073     -5.582288
   0.20895     -5.592525
   0.16716     -5.590882
   0.12537     -5.587438
   0.08358     -5.587082
   0.04179     -5.589505
   0.00000     -5.591223
 
# Band-Index   13
   0.00000     -5.537850
   0.04179     -5.534242
   0.08358     -5.524594
   0.12537     -5.511725
   0.16716     -5.495295
   0.20895     -5.471538
   0.25073     -5.439389
   0.29252     -5.405476
   0.33431     -5.386569
   0.37610     -5.387406
   0.41789     -5.399724
   0.45968     -5.421260
   0.50147     -5.453188
   0.54326     -5.444993
   0.58505     -5.424653
   0.62684     -5.401964
   0.66862     -5.378604
   0.71041     -5.356795
   0.75220     -5.339740
   0.79399     -5.332849
   0.79399     -5.540571
   0.81848     -5.538219
   0.84296     -5.531420
   0.86744     -5.521070
   0.89193     -5.508737
   0.91641     -5.496350
   0.94090     -5.485778
   0.96538     -5.478398
   0.98986     -5.474774
   1.01435     -5.474755
   1.03883     -5.478068
   1.06332     -5.484381
   1.08780     -5.492655
   1.11228     -5.501665
   1.13677     -5.510596
   1.16125     -5.518938
   1.18574     -5.526300
   1.21022     -5.532293
   1.23470     -5.536370
   1.25919     -5.537850
   1.25919     -5.537850
   1.28051     -5.537226
   1.30182     -5.535687
   1.32314     -5.533493
   1.34446     -5.523979
   1.36577     -5.502609
   1.38709     -5.479937
   1.40841     -5.457747
   1.42973     -5.436742
   1.45104     -5.417514
   1.47236     -5.400701
   1.49368     -5.387018
   1.51499     -5.377235
   1.53631     -5.371964
   1.55763     -5.371172
   1.57895     -5.373800
   1.60026     -5.378084
   1.62158     -5.382309
   1.64290     -5.385265
   1.66421     -5.386315
   1.66421     -5.318620
   1.71099     -5.320627
   1.75777     -5.330160
   1.80454     -5.345199
   1.85132     -5.361316
   1.89809     -5.377509
   1.94487     -5.392540
   1.99164     -5.403922
   2.03842     -5.408757
   2.08519     -5.401396
   2.13197     -5.405609
   2.17874     -5.419548
   2.22552     -5.430368
   2.27229     -5.449590
   2.31907     -5.470723
   2.36584     -5.484709
   2.41262     -5.494926
   2.45939     -5.513802
   2.50617     -5.530844
   2.55294     -5.537850
   2.55294     -5.537850
   2.58520     -5.533322
   2.61745     -5.523329
   2.64971     -5.511468
   2.68197     -5.496010
   2.71422     -5.476515
   2.74648     -5.455785
   2.77873     -5.437125
   2.81099     -5.424091
   2.84325     -5.420225
   2.87550     -5.426156
   2.90776     -5.438074
   2.94002     -5.451654
   2.97227     -5.464661
   3.00453     -5.476518
   3.03678     -5.487153
   3.06904     -5.496231
   3.10130     -5.503170
   3.13355     -5.507496
   3.16581     -5.508960
   3.16581     -5.375630
   3.20623     -5.376809
   3.24666     -5.380663
   3.28708     -5.387483
   3.32751     -5.396709
   3.36793     -5.406873
   3.40836     -5.416110
   3.44878     -5.425280
   3.48921     -5.440943
   3.52963     -5.456802
   3.57006     -5.470345
   3.61048     -5.484052
   3.65091     -5.498351
   3.69133     -5.511058
   3.73176     -5.519492
   3.77218     -5.523209
   3.81261     -5.525594
   3.85303     -5.530247
   3.89346     -5.535565
   3.93388     -5.537850
   3.93388     -5.537850
   3.98265     -5.533329
   4.03141     -5.519848
   4.08018     -5.500834
   4.12894     -5.485991
   4.17771     -5.483198
   4.22648     -5.483996
   4.27524     -5.466516
   4.32401     -5.428726
   4.37277     -5.405234
   4.42154     -5.416052
   4.47030     -5.433375
   4.51907     -5.447574
   4.56784     -5.457424
   4.61660     -5.463928
   4.66537     -5.466301
   4.71413     -5.463520
   4.76290     -5.459515
   4.81166     -5.456795
   4.86043     -5.455872
 
# Band-Index   14
   4.86043     -5.407180
   4.81166     -5.409540
   4.76290     -5.417028
   4.71413     -5.427932
   4.66537     -5.435270
   4.61660     -5.427350
   4.56784     -5.393992
   4.51907     -5.349220
   4.47030     -5.324835
   4.42154     -5.339667
   4.37277     -5.367933
   4.32401     -5.389418
   4.27524     -5.401002
   4.22648     -5.413754
   4.17771     -5.431238
   4.12894     -5.448915
   4.08018     -5.457927
   4.03141     -5.461930
   3.98265     -5.465206
   3.93388     -5.466724
   3.93388     -5.466724
   3.89346     -5.468281
   3.85303     -5.470892
   3.81261     -5.469394
   3.77218     -5.459985
   3.73176     -5.444175
   3.69133     -5.425251
   3.65091     -5.406091
   3.61048     -5.390068
   3.57006     -5.382012
   3.52963     -5.385743
   3.48921     -5.396343
   3.44878     -5.398478
   3.40836     -5.381988
   3.36793     -5.359668
   3.32751     -5.339799
   3.28708     -5.325567
   3.24666     -5.318010
   3.20623     -5.315702
   3.16581     -5.315480
   3.16581     -5.357030
   3.13355     -5.365011
   3.10130     -5.381638
   3.06904     -5.397682
   3.03678     -5.407622
   3.00453     -5.408862
   2.97227     -5.401866
   2.94002     -5.389143
   2.90776     -5.373742
   2.87550     -5.358300
   2.84325     -5.344158
   2.81099     -5.333071
   2.77873     -5.332392
   2.74648     -5.347441
   2.71422     -5.373307
   2.68197     -5.402782
   2.64971     -5.430310
   2.61745     -5.451311
   2.58520     -5.463163
   2.55294     -5.466724
   2.55294     -5.466724
   2.50617     -5.469730
   2.45939     -5.476060
   2.41262     -5.477203
   2.36584     -5.460527
   2.31907     -5.438246
   2.27229     -5.417582
   2.22552     -5.395684
   2.17874     -5.373053
   2.13197     -5.378011
   2.08519     -5.368116
   2.03842     -5.343009
   1.99164     -5.332363
   1.94487     -5.327162
   1.89809     -5.319657
   1.85132     -5.306982
   1.80454     -5.290999
   1.75777     -5.278506
   1.71099     -5.274473
   1.66421     -5.272626
   1.66421     -5.301115
   1.64290     -5.301012
   1.62158     -5.300712
   1.60026     -5.300209
   1.57895     -5.299382
   1.55763     -5.297933
   1.53631     -5.295600
   1.51499     -5.292728
   1.49368     -5.290969
   1.47236     -5.294628
   1.45104     -5.308551
   1.42973     -5.329713
   1.40841     -5.353815
   1.38709     -5.378617
   1.36577     -5.402574
   1.34446     -5.424294
   1.32314     -5.442449
   1.30182     -5.455906
   1.28051     -5.464035
   1.25919     -5.466724
   1.25919     -5.466724
   1.23470     -5.466665
   1.21022     -5.466527
   1.18574     -5.466387
   1.16125     -5.466283
   1.13677     -5.466133
   1.11228     -5.465690
   1.08780     -5.464532
   1.06332     -5.462066
   1.03883     -5.457616
   1.01435     -5.451187
   0.98986     -5.444039
   0.96538     -5.437807
   0.94090     -5.434157
   0.91641     -5.434718
   0.89193     -5.439951
   0.86744     -5.448093
   0.84296     -5.456339
   0.81848     -5.462311
   0.79399     -5.464481
   0.79399     -5.303067
   0.75220     -5.307490
   0.71041     -5.319611
   0.66862     -5.336335
   0.62684     -5.352857
   0.58505     -5.364325
   0.54326     -5.367792
   0.50147     -5.361095
   0.45968     -5.340968
   0.41789     -5.309027
   0.37610     -5.291638
   0.33431     -5.322907
   0.29252     -5.356225
   0.25073     -5.384236
   0.20895     -5.411790
   0.16716     -5.437277
   0.12537     -5.456399
   0.08358     -5.465618
   0.04179     -5.467122
   0.00000     -5.466724
 
# Band-Index   15
   0.00000     -5.251592
   0.04179     -5.245891
   0.08358     -5.230569
   0.12537     -5.216903
   0.16716     -5.222667
   0.20895     -5.232800
   0.25073     -5.241969
   0.29252     -5.246166
   0.33431     -5.246593
   0.37610     -5.258711
   0.41789     -5.243675
   0.45968     -5.220986
   0.50147     -5.206436
   0.54326     -5.199189
   0.58505     -5.196645
   0.62684     -5.196632
   0.66862     -5.198838
   0.71041     -5.204991
   0.75220     -5.214124
   0.79399     -5.218878
   0.79399     -5.356135
   0.81848     -5.357270
   0.84296     -5.359896
   0.86744     -5.362472
   0.89193     -5.363224
   0.91641     -5.360229
   0.94090     -5.352543
   0.96538     -5.341030
   0.98986     -5.327177
   1.01435     -5.312296
   1.03883     -5.297982
   1.06332     -5.286125
   1.08780     -5.277676
   1.11228     -5.271884
   1.13677     -5.267409
   1.16125     -5.263318
   1.18574     -5.259277
   1.21022     -5.255502
   1.23470     -5.252667
   1.25919     -5.251592
   1.25919     -5.251592
   1.28051     -5.251671
   1.30182     -5.251933
   1.32314     -5.252454
   1.34446     -5.253337
   1.36577     -5.254674
   1.38709     -5.256505
   1.40841     -5.258738
   1.42973     -5.260982
   1.45104     -5.261976
   1.47236     -5.258171
   1.49368     -5.247015
   1.51499     -5.233464
   1.53631     -5.221583
   1.55763     -5.212564
   1.57895     -5.206253
   1.60026     -5.201982
   1.62158     -5.199184
   1.64290     -5.197570
   1.66421     -5.197039
   1.66421     -5.241401
   1.71099     -5.243131
   1.75777     -5.241885
   1.80454     -5.227929
   1.85132     -5.209196
   1.89809     -5.194112
   1.94487     -5.188212
   1.99164     -5.207467
   2.03842     -5.250832
   2.08519     -5.288847
   2.13197     -5.320252
   2.17874     -5.333039
   2.22552     -5.312642
   2.27229     -5.288397
   2.31907     -5.267911
   2.36584     -5.252689
   2.41262     -5.244544
   2.45939     -5.245005
   2.50617     -5.249403
   2.55294     -5.251592
   2.55294     -5.251592
   2.58520     -5.253332
   2.61745     -5.257963
   2.64971     -5.264229
   2.68197     -5.270967
   2.71422     -5.277372
   2.74648     -5.283116
   2.77873     -5.288835
   2.81099     -5.294336
   2.84325     -5.298504
   2.87550     -5.303089
   2.90776     -5.306233
   2.94002     -5.306465
   2.97227     -5.304266
   3.00453     -5.300870
   3.03678     -5.297595
   3.06904     -5.295583
   3.10130     -5.295897
   3.13355     -5.299309
   3.16581     -5.302325
   3.16581     -5.205010
   3.20623     -5.215111
   3.24666     -5.231189
   3.28708     -5.244142
   3.32751     -5.253477
   3.36793     -5.259862
   3.40836     -5.263711
   3.44878     -5.265472
   3.48921     -5.264624
   3.52963     -5.258105
   3.57006     -5.241905
   3.61048     -5.222715
   3.65091     -5.217972
   3.69133     -5.217111
   3.73176     -5.216858
   3.77218     -5.218803
   3.81261     -5.225976
   3.85303     -5.237643
   3.89346     -5.247715
   3.93388     -5.251592
   3.93388     -5.251592
   3.98265     -5.247173
   4.03141     -5.236925
   4.08018     -5.229525
   4.12894     -5.230165
   4.17771     -5.244177
   4.22648     -5.272233
   4.27524     -5.304144
   4.32401     -5.333825
   4.37277     -5.347474
   4.42154     -5.323018
   4.47030     -5.283336
   4.51907     -5.267446
   4.56784     -5.246537
   4.61660     -5.229200
   4.66537     -5.218715
   4.71413     -5.213273
   4.76290     -5.208719
   4.81166     -5.203605
   4.86043     -5.201055
 
# Band-Index   16
   4.86043     -5.113365
   4.81166     -5.113733
   4.76290     -5.115378
   4.71413     -5.118684
   4.66537     -5.124445
   4.61660     -5.139591
   4.56784     -5.174222
   4.51907     -5.220611
   4.47030     -5.255252
   4.42154     -5.229876
   4.37277     -5.205493
   4.32401     -5.202444
   4.27524     -5.213596
   4.22648     -5.224843
   4.17771     -5.228329
   4.12894     -5.218719
   4.08018     -5.205821
   4.03141     -5.200147
   3.98265     -5.197616
   3.93388     -5.196753
   3.93388     -5.196753
   3.89346     -5.196490
   3.85303     -5.195155
   3.81261     -5.190427
   3.77218     -5.178622
   3.73176     -5.161797
   3.69133     -5.159590
   3.65091     -5.178456
   3.61048     -5.200044
   3.57006     -5.202069
   3.52963     -5.192162
   3.48921     -5.175654
   3.44878     -5.154102
   3.40836     -5.130197
   3.36793     -5.108877
   3.32751     -5.099573
   3.28708     -5.108588
   3.24666     -5.125546
   3.20623     -5.145602
   3.16581     -5.157318
   3.16581     -5.265124
   3.13355     -5.261816
   3.10130     -5.252925
   3.06904     -5.242412
   3.03678     -5.234550
   3.00453     -5.232084
   2.97227     -5.236050
   2.94002     -5.245364
   2.90776     -5.257250
   2.87550     -5.267950
   2.84325     -5.273113
   2.81099     -5.270760
   2.77873     -5.262699
   2.74648     -5.248386
   2.71422     -5.231785
   2.68197     -5.217632
   2.64971     -5.207448
   2.61745     -5.201031
   2.58520     -5.197722
   2.55294     -5.196753
   2.55294     -5.196753
   2.50617     -5.198232
   2.45939     -5.200984
   2.41262     -5.200120
   2.36584     -5.192360
   2.31907     -5.179830
   2.27229     -5.163867
   2.22552     -5.173457
   2.17874     -5.189989
   2.13197     -5.202785
   2.08519     -5.207758
   2.03842     -5.201045
   1.99164     -5.187823
   1.94487     -5.159132
   1.89809     -5.128426
   1.85132     -5.117030
   1.80454     -5.124206
   1.75777     -5.141104
   1.71099     -5.158595
   1.66421     -5.166478
   1.66421     -5.149305
   1.64290     -5.150148
   1.62158     -5.152610
   1.60026     -5.156449
   1.57895     -5.161156
   1.55763     -5.165932
   1.53631     -5.169965
   1.51499     -5.172963
   1.49368     -5.175319
   1.47236     -5.177663
   1.45104     -5.180370
   1.42973     -5.183425
   1.40841     -5.186567
   1.38709     -5.189491
   1.36577     -5.191965
   1.34446     -5.193883
   1.32314     -5.195247
   1.30182     -5.196123
   1.28051     -5.196603
   1.25919     -5.196753
   1.25919     -5.196753
   1.23470     -5.197102
   1.21022     -5.198357
   1.18574     -5.201013
   1.16125     -5.205695
   1.13677     -5.213163
   1.11228     -5.224085
   1.08780     -5.238135
   1.06332     -5.253608
   1.03883     -5.268892
   1.01435     -5.283601
   0.98986     -5.297616
   0.96538     -5.310076
   0.94090     -5.319860
   0.91641     -5.326568
   0.89193     -5.330823
   0.86744     -5.333664
   0.84296     -5.335876
   0.81848     -5.337624
   0.79399     -5.338370
   0.79399     -5.187618
   0.75220     -5.187088
   0.71041     -5.184973
   0.66862     -5.180504
   0.62684     -5.175694
   0.58505     -5.173011
   0.54326     -5.172777
   0.50147     -5.174663
   0.45968     -5.179416
   0.41789     -5.188735
   0.37610     -5.200466
   0.33431     -5.199231
   0.29252     -5.181291
   0.25073     -5.166832
   0.20895     -5.159971
   0.16716     -5.174288
   0.12537     -5.198196
   0.08358     -5.201351
   0.04179     -5.198039
   0.00000     -5.196753
 
# Band-Index   17
   0.00000     -5.127178
   0.04179     -5.130385
   0.08358     -5.136764
   0.12537     -5.142943
   0.16716     -5.147375
   0.20895     -5.137802
   0.25073     -5.114744
   0.29252     -5.115886
   0.33431     -5.124621
   0.37610     -5.126659
   0.41789     -5.120278
   0.45968     -5.105454
   0.50147     -5.084005
   0.54326     -5.059172
   0.58505     -5.035746
   0.62684     -5.022484
   0.66862     -5.023942
   0.71041     -5.032331
   0.75220     -5.040155
   0.79399     -5.043215
   0.79399     -5.140309
   0.81848     -5.141994
   0.84296     -5.146705
   0.86744     -5.153696
   0.89193     -5.162169
   0.91641     -5.171339
   0.94090     -5.180427
   0.96538     -5.188644
   0.98986     -5.195197
   1.01435     -5.199258
   1.03883     -5.200002
   1.06332     -5.196827
   1.08780     -5.189559
   1.11228     -5.178318
   1.13677     -5.163799
   1.16125     -5.148235
   1.18574     -5.135239
   1.21022     -5.128193
   1.23470     -5.126864
   1.25919     -5.127178
   1.25919     -5.127178
   1.28051     -5.127175
   1.30182     -5.127147
   1.32314     -5.127047
   1.34446     -5.126799
   1.36577     -5.126324
   1.38709     -5.125547
   1.40841     -5.124402
   1.42973     -5.122845
   1.45104     -5.120855
   1.47236     -5.118445
   1.49368     -5.115688
   1.51499     -5.112707
   1.53631     -5.109651
   1.55763     -5.106662
   1.57895     -5.103873
   1.60026     -5.101433
   1.62158     -5.099506
   1.64290     -5.098262
   1.66421     -5.097830
   1.66421     -5.008849
   1.71099     -5.008233
   1.75777     -5.008542
   1.80454     -5.013413
   1.85132     -5.022198
   1.89809     -5.032758
   1.94487     -5.047642
   1.99164     -5.059099
   2.03842     -5.065274
   2.08519     -5.073947
   2.13197     -5.091287
   2.17874     -5.116252
   2.22552     -5.141729
   2.27229     -5.153048
   2.31907     -5.131938
   2.36584     -5.113062
   2.41262     -5.111463
   2.45939     -5.119085
   2.50617     -5.125010
   2.55294     -5.127178
   2.55294     -5.127178
   2.58520     -5.126014
   2.61745     -5.124448
   2.64971     -5.128334
   2.68197     -5.141280
   2.71422     -5.157501
   2.74648     -5.169898
   2.77873     -5.173549
   2.81099     -5.166149
   2.84325     -5.152787
   2.87550     -5.142942
   2.90776     -5.139219
   2.94002     -5.138079
   2.97227     -5.137020
   3.00453     -5.134994
   3.03678     -5.132202
   3.06904     -5.129782
   3.10130     -5.128386
   3.13355     -5.127804
   3.16581     -5.127660
   3.16581     -5.029634
   3.20623     -5.044177
   3.24666     -5.059558
   3.28708     -5.070290
   3.32751     -5.075968
   3.36793     -5.069932
   3.40836     -5.060624
   3.44878     -5.057528
   3.48921     -5.059258
   3.52963     -5.061921
   3.57006     -5.073296
   3.61048     -5.093665
   3.65091     -5.115108
   3.69133     -5.135563
   3.73176     -5.143831
   3.77218     -5.140784
   3.81261     -5.137848
   3.85303     -5.134077
   3.89346     -5.129613
   3.93388     -5.127178
   3.93388     -5.127178
   3.98265     -5.132442
   4.03141     -5.138809
   4.08018     -5.134090
   4.12894     -5.112651
   4.17771     -5.088751
   4.22648     -5.079933
   4.27524     -5.074215
   4.32401     -5.066302
   4.37277     -5.054465
   4.42154     -5.056050
   4.47030     -5.059502
   4.51907     -5.061308
   4.56784     -5.061035
   4.61660     -5.049313
   4.66537     -5.020362
   4.71413     -4.992154
   4.76290     -4.989720
   4.81166     -4.995179
   4.86043     -4.997715
 
# Band-Index   18
   4.86043     -4.967031
   4.81166     -4.968692
   4.76290     -4.974287
   4.71413     -4.982119
   4.66537     -4.980796
   4.61660     -4.980477
   4.56784     -4.983025
   4.51907     -4.989306
   4.47030     -5.004277
   4.42154     -5.027795
   4.37277     -5.038621
   4.32401     -5.022282
   4.27524     -5.025006
   4.22648     -5.041783
   4.17771     -5.064711
   4.12894     -5.071721
   4.08018     -5.068688
   4.03141     -5.070075
   3.98265     -5.082961
   3.93388     -5.091338
   3.93388     -5.091338
   3.89346     -5.086340
   3.85303     -5.074957
   3.81261     -5.062186
   3.77218     -5.051808
   3.73176     -5.047348
   3.69133     -5.050541
   3.65091     -5.055062
   3.61048     -5.055210
   3.57006     -5.052797
   3.52963     -5.043969
   3.48921     -5.030769
   3.44878     -5.023332
   3.40836     -5.017416
   3.36793     -5.008905
   3.32751     -5.000558
   3.28708     -4.996033
   3.24666     -4.998386
   3.20623     -5.008764
   3.16581     -5.021649
   3.16581     -5.070412
   3.13355     -5.072435
   3.10130     -5.077739
   3.06904     -5.084255
   3.03678     -5.089485
   3.00453     -5.091857
   2.97227     -5.091557
   2.94002     -5.090402
   2.90776     -5.091376
   2.87550     -5.095684
   2.84325     -5.098458
   2.81099     -5.095608
   2.77873     -5.089368
   2.74648     -5.083199
   2.71422     -5.079263
   2.68197     -5.077927
   2.64971     -5.080113
   2.61745     -5.085739
   2.58520     -5.089912
   2.55294     -5.091338
   2.55294     -5.091338
   2.50617     -5.088782
   2.45939     -5.082662
   2.41262     -5.082570
   2.36584     -5.087693
   2.31907     -5.078340
   2.27229     -5.066809
   2.22552     -5.057726
   2.17874     -5.050884
   2.13197     -5.043403
   2.08519     -5.036530
   2.03842     -5.033785
   1.99164     -5.030393
   1.94487     -5.025688
   1.89809     -5.017785
   1.85132     -5.001623
   1.80454     -4.985332
   1.75777     -4.972257
   1.71099     -4.960232
   1.66421     -4.952760
   1.66421     -5.060349
   1.64290     -5.061024
   1.62158     -5.063023
   1.60026     -5.066284
   1.57895     -5.070648
   1.55763     -5.075802
   1.53631     -5.081255
   1.51499     -5.086386
   1.49368     -5.090588
   1.47236     -5.093470
   1.45104     -5.094984
   1.42973     -5.095370
   1.40841     -5.095011
   1.38709     -5.094275
   1.36577     -5.093440
   1.34446     -5.092679
   1.32314     -5.092076
   1.30182     -5.091658
   1.28051     -5.091417
   1.25919     -5.091338
   1.25919     -5.091338
   1.23470     -5.090668
   1.21022     -5.088049
   1.18574     -5.083619
   1.16125     -5.080571
   1.13677     -5.080550
   1.11228     -5.082765
   1.08780     -5.086565
   1.06332     -5.091511
   1.03883     -5.097056
   1.01435     -5.102550
   0.98986     -5.107347
   0.96538     -5.110904
   0.94090     -5.112855
   0.91641     -5.113034
   0.89193     -5.111495
   0.86744     -5.108508
   0.84296     -5.104532
   0.81848     -5.100255
   0.79399     -5.097776
   0.79399     -4.887816
   0.75220     -4.896575
   0.71041     -4.917825
   0.66862     -4.943340
   0.62684     -4.965660
   0.58505     -4.978258
   0.54326     -4.985706
   0.50147     -4.995097
   0.45968     -5.007933
   0.41789     -5.022617
   0.37610     -5.037461
   0.33431     -5.053606
   0.29252     -5.073033
   0.25073     -5.084525
   0.20895     -5.073088
   0.16716     -5.063284
   0.12537     -5.065673
   0.08358     -5.076074
   0.04179     -5.086573
   0.00000     -5.091338
 
# Band-Index   19
   0.00000     -5.004947
   0.04179     -5.006717
   0.08358     -5.011636
   0.12537     -5.017595
   0.16716     -5.018091
   0.20895     -5.008696
   0.25073     -4.994674
   0.29252     -4.979370
   0.33431     -4.963832
   0.37610     -4.949535
   0.41789     -4.937103
   0.45968     -4.924987
   0.50147     -4.911301
   0.54326     -4.895743
   0.58505     -4.879154
   0.62684     -4.862125
   0.66862     -4.844864
   0.71041     -4.827982
   0.75220     -4.813174
   0.79399     -4.805523
   0.79399     -5.084122
   0.81848     -5.079742
   0.84296     -5.069729
   0.86744     -5.055970
   0.89193     -5.038875
   0.91641     -5.018885
   0.94090     -4.996831
   0.96538     -4.974212
   0.98986     -4.953713
   1.01435     -4.939899
   1.03883     -4.937875
   1.06332     -4.948030
   1.08780     -4.965993
   1.11228     -4.987196
   1.13677     -5.007857
   1.16125     -5.023907
   1.18574     -5.030455
   1.21022     -5.025425
   1.23470     -5.013131
   1.25919     -5.004947
   1.25919     -5.004947
   1.28051     -5.004647
   1.30182     -5.003826
   1.32314     -5.002701
   1.34446     -5.001529
   1.36577     -5.000511
   1.38709     -4.999740
   1.40841     -4.999238
   1.42973     -4.999047
   1.45104     -4.999267
   1.47236     -4.999999
   1.49368     -5.001188
   1.51499     -5.002501
   1.53631     -5.003400
   1.55763     -5.003415
   1.57895     -5.002373
   1.60026     -5.000501
   1.62158     -4.998363
   1.64290     -4.996676
   1.66421     -4.996036
   1.66421     -4.937096
   1.71099     -4.931452
   1.75777     -4.924653
   1.80454     -4.920415
   1.85132     -4.917947
   1.89809     -4.916572
   1.94487     -4.920483
   1.99164     -4.939817
   2.03842     -4.965850
   2.08519     -4.987467
   2.13197     -4.994621
   2.17874     -4.992170
   2.22552     -4.992361
   2.27229     -5.005019
   2.31907     -5.023242
   2.36584     -5.040918
   2.41262     -5.051794
   2.45939     -5.041262
   2.50617     -5.018833
   2.55294     -5.004947
   2.55294     -5.004947
   2.58520     -5.018528
   2.61745     -5.040046
   2.64971     -5.052858
   2.68197     -5.047409
   2.71422     -5.029479
   2.74648     -5.006941
   2.77873     -4.984580
   2.81099     -4.970277
   2.84325     -4.968616
   2.87550     -4.968075
   2.90776     -4.959576
   2.94002     -4.942432
   2.97227     -4.922527
   3.00453     -4.908377
   3.03678     -4.903051
   3.06904     -4.901749
   3.10130     -4.901396
   3.13355     -4.901239
   3.16581     -4.901185
   3.16581     -4.871805
   3.20623     -4.873500
   3.24666     -4.878465
   3.28708     -4.887773
   3.32751     -4.903634
   3.36793     -4.924792
   3.40836     -4.947953
   3.44878     -4.971524
   3.48921     -4.993000
   3.52963     -5.007763
   3.57006     -5.012627
   3.61048     -5.007016
   3.65091     -4.998105
   3.69133     -4.994909
   3.73176     -4.993195
   3.77218     -4.992751
   3.81261     -4.996630
   3.85303     -5.001180
   3.89346     -5.004032
   3.93388     -5.004947
   3.93388     -5.004947
   3.98265     -5.013333
   4.03141     -5.021162
   4.08018     -5.009001
   4.12894     -4.983677
   4.17771     -4.957567
   4.22648     -4.958136
   4.27524     -4.984728
   4.32401     -5.007050
   4.37277     -5.006963
   4.42154     -5.001234
   4.47030     -4.993693
   4.51907     -4.979670
   4.56784     -4.965291
   4.61660     -4.955295
   4.66537     -4.945590
   4.71413     -4.930730
   4.76290     -4.906947
   4.81166     -4.885244
   4.86043     -4.877736
 
# Band-Index   20
   4.86043     -4.869698
   4.81166     -4.874158
   4.76290     -4.880876
   4.71413     -4.885786
   4.66537     -4.888630
   4.61660     -4.893273
   4.56784     -4.901178
   4.51907     -4.908303
   4.47030     -4.910869
   4.42154     -4.909895
   4.37277     -4.909579
   4.32401     -4.912469
   4.27524     -4.918953
   4.22648     -4.931610
   4.17771     -4.918649
   4.12894     -4.884065
   4.08018     -4.897968
   4.03141     -4.921765
   3.98265     -4.944785
   3.93388     -4.956819
   3.93388     -4.956819
   3.89346     -4.956220
   3.85303     -4.954928
   3.81261     -4.954082
   3.77218     -4.953972
   3.73176     -4.953644
   3.69133     -4.955725
   3.65091     -4.957276
   3.61048     -4.948806
   3.57006     -4.932753
   3.52963     -4.914757
   3.48921     -4.901879
   3.44878     -4.898277
   3.40836     -4.895822
   3.36793     -4.889569
   3.32751     -4.878789
   3.28708     -4.863030
   3.24666     -4.846867
   3.20623     -4.837415
   3.16581     -4.834691
   3.16581     -4.774993
   3.13355     -4.779486
   3.10130     -4.792482
   3.06904     -4.811693
   3.03678     -4.833259
   3.00453     -4.851325
   2.97227     -4.859030
   2.94002     -4.858841
   2.90776     -4.862847
   2.87550     -4.879599
   2.84325     -4.901616
   2.81099     -4.917872
   2.77873     -4.918307
   2.74648     -4.908915
   2.71422     -4.899276
   2.68197     -4.896154
   2.64971     -4.903979
   2.61745     -4.921562
   2.58520     -4.943433
   2.55294     -4.956819
   2.55294     -4.956819
   2.50617     -4.944221
   2.45939     -4.926180
   2.41262     -4.917710
   2.36584     -4.923361
   2.31907     -4.939040
   2.27229     -4.954717
   2.22552     -4.959928
   2.17874     -4.947610
   2.13197     -4.928227
   2.08519     -4.910997
   2.03842     -4.901680
   1.99164     -4.900523
   1.94487     -4.900796
   1.89809     -4.895091
   1.85132     -4.891363
   1.80454     -4.887431
   1.75777     -4.881750
   1.71099     -4.877161
   1.66421     -4.875560
   1.66421     -4.871709
   1.64290     -4.873237
   1.62158     -4.877718
   1.60026     -4.884263
   1.57895     -4.891442
   1.55763     -4.898085
   1.53631     -4.903419
   1.51499     -4.907061
   1.49368     -4.909289
   1.47236     -4.911457
   1.45104     -4.915413
   1.42973     -4.921624
   1.40841     -4.929073
   1.38709     -4.936567
   1.36577     -4.943255
   1.34446     -4.948635
   1.32314     -4.952534
   1.30182     -4.955042
   1.28051     -4.956397
   1.25919     -4.956819
   1.25919     -4.956819
   1.23470     -4.945929
   1.21022     -4.924495
   1.18574     -4.901352
   1.16125     -4.879706
   1.13677     -4.862014
   1.11228     -4.850985
   1.08780     -4.848146
   1.06332     -4.852459
   1.03883     -4.861661
   1.01435     -4.872872
   0.98986     -4.885177
   0.96538     -4.899360
   0.94090     -4.914925
   0.91641     -4.930594
   0.89193     -4.945211
   0.86744     -4.957852
   0.84296     -4.967707
   0.81848     -4.974032
   0.79399     -4.976222
   0.79399     -4.783707
   0.75220     -4.779240
   0.71041     -4.774972
   0.66862     -4.774456
   0.62684     -4.778149
   0.58505     -4.791902
   0.54326     -4.814994
   0.50147     -4.840253
   0.45968     -4.864250
   0.41789     -4.884864
   0.37610     -4.900506
   0.33431     -4.910858
   0.29252     -4.919996
   0.25073     -4.929896
   0.20895     -4.938225
   0.16716     -4.944804
   0.12537     -4.949935
   0.08358     -4.953704
   0.04179     -4.956030
   0.00000     -4.956819
 
# Band-Index   21
   0.00000     -4.769602
   0.04179     -4.770914
   0.08358     -4.775597
   0.12537     -4.787316
   0.16716     -4.814082
   0.20895     -4.847947
   0.25073     -4.875555
   0.29252     -4.889900
   0.33431     -4.885252
   0.37610     -4.864400
   0.41789     -4.838063
   0.45968     -4.812840
   0.50147     -4.787619
   0.54326     -4.767498
   0.58505     -4.761591
   0.62684     -4.752448
   0.66862     -4.741477
   0.71041     -4.740376
   0.75220     -4.746409
   0.79399     -4.749825
   0.79399     -4.832238
   0.81848     -4.831148
   0.84296     -4.827994
   0.86744     -4.823074
   0.89193     -4.816804
   0.91641     -4.809669
   0.94090     -4.802427
   0.96538     -4.797298
   0.98986     -4.797997
   1.01435     -4.801082
   1.03883     -4.801115
   1.06332     -4.797700
   1.08780     -4.794851
   1.11228     -4.794732
   1.13677     -4.793602
   1.16125     -4.789484
   1.18574     -4.783368
   1.21022     -4.776836
   1.23470     -4.771638
   1.25919     -4.769602
   1.25919     -4.769602
   1.28051     -4.771252
   1.30182     -4.776099
   1.32314     -4.783914
   1.34446     -4.794432
   1.36577     -4.807252
   1.38709     -4.821571
   1.40841     -4.836062
   1.42973     -4.848974
   1.45104     -4.858333
   1.47236     -4.862608
   1.49368     -4.862198
   1.51499     -4.859413
   1.53631     -4.856417
   1.55763     -4.854307
   1.57895     -4.853304
   1.60026     -4.853083
   1.62158     -4.853014
   1.64290     -4.852605
   1.66421     -4.852264
   1.66421     -4.821210
   1.71099     -4.820320
   1.75777     -4.817266
   1.80454     -4.813234
   1.85132     -4.817101
   1.89809     -4.829369
   1.94487     -4.832968
   1.99164     -4.828483
   2.03842     -4.837485
   2.08519     -4.846039
   2.13197     -4.846237
   2.17874     -4.841221
   2.22552     -4.834772
   2.27229     -4.825892
   2.31907     -4.810244
   2.36584     -4.794577
   2.41262     -4.787860
   2.45939     -4.781304
   2.50617     -4.773540
   2.55294     -4.769602
   2.55294     -4.769602
   2.58520     -4.773537
   2.61745     -4.782197
   2.64971     -4.789990
   2.68197     -4.792171
   2.71422     -4.787607
   2.74648     -4.780283
   2.77873     -4.775893
   2.81099     -4.779840
   2.84325     -4.790641
   2.87550     -4.802082
   2.90776     -4.806060
   2.94002     -4.794663
   2.97227     -4.774911
   3.00453     -4.756376
   3.03678     -4.742502
   3.06904     -4.732287
   3.10130     -4.726513
   3.13355     -4.725017
   3.16581     -4.724726
   3.16581     -4.805351
   3.20623     -4.809568
   3.24666     -4.815641
   3.28708     -4.813020
   3.32751     -4.802492
   3.36793     -4.798296
   3.40836     -4.811785
   3.44878     -4.830607
   3.48921     -4.841248
   3.52963     -4.834376
   3.57006     -4.817406
   3.61048     -4.807836
   3.65091     -4.821603
   3.69133     -4.835155
   3.73176     -4.833085
   3.77218     -4.815074
   3.81261     -4.792136
   3.85303     -4.777105
   3.89346     -4.771096
   3.93388     -4.769602
   3.93388     -4.769602
   3.98265     -4.772594
   4.03141     -4.783006
   4.08018     -4.813243
   4.12894     -4.856928
   4.17771     -4.853934
   4.22648     -4.850364
   4.27524     -4.850516
   4.32401     -4.850384
   4.37277     -4.858610
   4.42154     -4.862523
   4.47030     -4.859488
   4.51907     -4.849572
   4.56784     -4.833546
   4.61660     -4.818282
   4.66537     -4.805515
   4.71413     -4.793896
   4.76290     -4.795373
   4.81166     -4.803438
   4.86043     -4.807374
 
# Band-Index   22
   4.86043     -4.724443
   4.81166     -4.730274
   4.76290     -4.746215
   4.71413     -4.760622
   4.66537     -4.769310
   4.61660     -4.786224
   4.56784     -4.799212
   4.51907     -4.801986
   4.47030     -4.800598
   4.42154     -4.802449
   4.37277     -4.813266
   4.32401     -4.828089
   4.27524     -4.826617
   4.22648     -4.813423
   4.17771     -4.799285
   4.12894     -4.784829
   4.08018     -4.767072
   4.03141     -4.730692
   3.98265     -4.701190
   3.93388     -4.699376
   3.93388     -4.699376
   3.89346     -4.703929
   3.85303     -4.717671
   3.81261     -4.733556
   3.77218     -4.742790
   3.73176     -4.747653
   3.69133     -4.752328
   3.65091     -4.759907
   3.61048     -4.764501
   3.57006     -4.745681
   3.52963     -4.721538
   3.48921     -4.709890
   3.44878     -4.712024
   3.40836     -4.726099
   3.36793     -4.740377
   3.32751     -4.737990
   3.28708     -4.727177
   3.24666     -4.719552
   3.20623     -4.716052
   3.16581     -4.715207
   3.16581     -4.688511
   3.13355     -4.694007
   3.10130     -4.703797
   3.06904     -4.710763
   3.03678     -4.716976
   3.00453     -4.725565
   2.97227     -4.733200
   2.94002     -4.738433
   2.90776     -4.742378
   2.87550     -4.746044
   2.84325     -4.749645
   2.81099     -4.751961
   2.77873     -4.749079
   2.74648     -4.739018
   2.71422     -4.725498
   2.68197     -4.712445
   2.64971     -4.702564
   2.61745     -4.697383
   2.58520     -4.697710
   2.55294     -4.699376
   2.55294     -4.699376
   2.50617     -4.696614
   2.45939     -4.699385
   2.41262     -4.731542
   2.36584     -4.769983
   2.31907     -4.790620
   2.27229     -4.800787
   2.22552     -4.807068
   2.17874     -4.807327
   2.13197     -4.805686
   2.08519     -4.808366
   2.03842     -4.815830
   1.99164     -4.818907
   1.94487     -4.804257
   1.89809     -4.792770
   1.85132     -4.791856
   1.80454     -4.784449
   1.75777     -4.771744
   1.71099     -4.761532
   1.66421     -4.757422
   1.66421     -4.804001
   1.64290     -4.803066
   1.62158     -4.801012
   1.60026     -4.799100
   1.57895     -4.797916
   1.55763     -4.797343
   1.53631     -4.796917
   1.51499     -4.796075
   1.49368     -4.794324
   1.47236     -4.791329
   1.45104     -4.786906
   1.42973     -4.780954
   1.40841     -4.773382
   1.38709     -4.764089
   1.36577     -4.753026
   1.34446     -4.740398
   1.32314     -4.726934
   1.30182     -4.713972
   1.28051     -4.703646
   1.25919     -4.699376
   1.25919     -4.699376
   1.23470     -4.697157
   1.21022     -4.692159
   1.18574     -4.689859
   1.16125     -4.696819
   1.13677     -4.709925
   1.11228     -4.723759
   1.08780     -4.732446
   1.06332     -4.731782
   1.03883     -4.738926
   1.01435     -4.754157
   0.98986     -4.766416
   0.96538     -4.771390
   0.94090     -4.768639
   0.91641     -4.764010
   0.89193     -4.760445
   0.86744     -4.758362
   0.84296     -4.757395
   0.81848     -4.757055
   0.79399     -4.756986
   0.79399     -4.655129
   0.75220     -4.658295
   0.71041     -4.670407
   0.66862     -4.689420
   0.62684     -4.708717
   0.58505     -4.730420
   0.54326     -4.752982
   0.50147     -4.764885
   0.45968     -4.780592
   0.41789     -4.802110
   0.37610     -4.814947
   0.33431     -4.815440
   0.29252     -4.807579
   0.25073     -4.796197
   0.20895     -4.784230
   0.16716     -4.770512
   0.12537     -4.747226
   0.08358     -4.715171
   0.04179     -4.701123
   0.00000     -4.699376
 
# Band-Index   23
   0.00000     -4.661922
   0.04179     -4.672874
   0.08358     -4.690414
   0.12537     -4.693948
   0.16716     -4.695641
   0.20895     -4.713160
   0.25073     -4.732660
   0.29252     -4.742050
   0.33431     -4.740398
   0.37610     -4.731439
   0.41789     -4.720487
   0.45968     -4.708251
   0.50147     -4.693803
   0.54326     -4.684956
   0.58505     -4.678085
   0.62684     -4.672391
   0.66862     -4.667118
   0.71041     -4.659744
   0.75220     -4.647297
   0.79399     -4.639582
   0.79399     -4.654769
   0.81848     -4.656958
   0.84296     -4.662205
   0.86744     -4.668599
   0.89193     -4.674985
   0.91641     -4.680607
   0.94090     -4.684877
   0.96538     -4.687417
   0.98986     -4.689944
   1.01435     -4.704367
   1.03883     -4.718851
   1.06332     -4.720840
   1.08780     -4.708436
   1.11228     -4.696889
   1.13677     -4.686270
   1.16125     -4.677823
   1.18574     -4.673031
   1.21022     -4.667935
   1.23470     -4.663545
   1.25919     -4.661922
   1.25919     -4.661922
   1.28051     -4.659574
   1.30182     -4.654417
   1.32314     -4.648601
   1.34446     -4.643087
   1.36577     -4.638672
   1.38709     -4.636600
   1.40841     -4.639034
   1.42973     -4.647430
   1.45104     -4.659773
   1.47236     -4.673747
   1.49368     -4.688290
   1.51499     -4.702818
   1.53631     -4.716819
   1.55763     -4.729767
   1.57895     -4.741097
   1.60026     -4.750247
   1.62158     -4.756776
   1.64290     -4.760554
   1.66421     -4.761766
   1.66421     -4.698133
   1.71099     -4.704406
   1.75777     -4.720960
   1.80454     -4.742823
   1.85132     -4.763613
   1.89809     -4.777031
   1.94487     -4.773110
   1.99164     -4.756597
   2.03842     -4.732715
   2.08519     -4.709390
   2.13197     -4.692045
   2.17874     -4.680063
   2.22552     -4.670815
   2.27229     -4.665427
   2.31907     -4.667056
   2.36584     -4.670257
   2.41262     -4.672697
   2.45939     -4.670268
   2.50617     -4.662858
   2.55294     -4.661922
   2.55294     -4.661922
   2.58520     -4.659473
   2.61745     -4.650349
   2.64971     -4.638479
   2.68197     -4.644474
   2.71422     -4.658729
   2.74648     -4.670636
   2.77873     -4.678296
   2.81099     -4.680845
   2.84325     -4.678010
   2.87550     -4.671849
   2.90776     -4.666934
   2.94002     -4.667289
   2.97227     -4.671126
   3.00453     -4.674350
   3.03678     -4.674122
   3.06904     -4.670487
   3.10130     -4.667334
   3.13355     -4.667044
   3.16581     -4.668006
   3.16581     -4.682795
   3.20623     -4.681706
   3.24666     -4.681822
   3.28708     -4.683992
   3.32751     -4.683869
   3.36793     -4.681021
   3.40836     -4.677308
   3.44878     -4.674261
   3.48921     -4.676348
   3.52963     -4.687807
   3.57006     -4.701328
   3.61048     -4.710136
   3.65091     -4.712275
   3.69133     -4.706673
   3.73176     -4.695892
   3.77218     -4.684571
   3.81261     -4.677109
   3.85303     -4.671316
   3.89346     -4.665092
   3.93388     -4.661922
   3.93388     -4.661922
   3.98265     -4.676625
   4.03141     -4.687057
   4.08018     -4.692028
   4.12894     -4.720085
   4.17771     -4.749310
   4.22648     -4.762483
   4.27524     -4.755589
   4.32401     -4.741254
   4.37277     -4.729940
   4.42154     -4.724867
   4.47030     -4.723452
   4.51907     -4.722885
   4.56784     -4.720560
   4.61660     -4.716971
   4.66537     -4.715863
   4.71413     -4.710385
   4.76290     -4.705833
   4.81166     -4.706022
   4.86043     -4.706342
 
# Band-Index   24
   4.86043     -4.688572
   4.81166     -4.684806
   4.76290     -4.676052
   4.71413     -4.668816
   4.66537     -4.671870
   4.61660     -4.676798
   4.56784     -4.670311
   4.51907     -4.660870
   4.47030     -4.657100
   4.42154     -4.656665
   4.37277     -4.653642
   4.32401     -4.655753
   4.27524     -4.662046
   4.22648     -4.666765
   4.17771     -4.669760
   4.12894     -4.671675
   4.08018     -4.667473
   4.03141     -4.641343
   3.98265     -4.615532
   3.93388     -4.605026
   3.93388     -4.605026
   3.89346     -4.607117
   3.85303     -4.614230
   3.81261     -4.629028
   3.77218     -4.648068
   3.73176     -4.663062
   3.69133     -4.673889
   3.65091     -4.680046
   3.61048     -4.679644
   3.57006     -4.673263
   3.52963     -4.659357
   3.48921     -4.632134
   3.44878     -4.604344
   3.40836     -4.595576
   3.36793     -4.591126
   3.32751     -4.591166
   3.28708     -4.597337
   3.24666     -4.607161
   3.20623     -4.612884
   3.16581     -4.613317
   3.16581     -4.640732
   3.13355     -4.637994
   3.10130     -4.633083
   3.06904     -4.629729
   3.03678     -4.627711
   3.00453     -4.626645
   2.97227     -4.627478
   2.94002     -4.630487
   2.90776     -4.633692
   2.87550     -4.635304
   2.84325     -4.636464
   2.81099     -4.636808
   2.77873     -4.634155
   2.74648     -4.626535
   2.71422     -4.613238
   2.68197     -4.603221
   2.64971     -4.616153
   2.61745     -4.611491
   2.58520     -4.606613
   2.55294     -4.605026
   2.55294     -4.605026
   2.50617     -4.610115
   2.45939     -4.617176
   2.41262     -4.613164
   2.36584     -4.617269
   2.31907     -4.636001
   2.27229     -4.646649
   2.22552     -4.644502
   2.17874     -4.633901
   2.13197     -4.617058
   2.08519     -4.602349
   2.03842     -4.614748
   1.99164     -4.629168
   1.94487     -4.636813
   1.89809     -4.637274
   1.85132     -4.631768
   1.80454     -4.622517
   1.75777     -4.614528
   1.71099     -4.619576
   1.66421     -4.624783
   1.66421     -4.698738
   1.64290     -4.695677
   1.62158     -4.687038
   1.60026     -4.674337
   1.57895     -4.660025
   1.55763     -4.647495
   1.53631     -4.638875
   1.51499     -4.633005
   1.49368     -4.628260
   1.47236     -4.623976
   1.45104     -4.620084
   1.42973     -4.616236
   1.40841     -4.610701
   1.38709     -4.602108
   1.36577     -4.593602
   1.34446     -4.590183
   1.32314     -4.592825
   1.30182     -4.598243
   1.28051     -4.603101
   1.25919     -4.605026
   1.25919     -4.605026
   1.23470     -4.608773
   1.21022     -4.617999
   1.18574     -4.627480
   1.16125     -4.630066
   1.13677     -4.624773
   1.11228     -4.624100
   1.08780     -4.639955
   1.06332     -4.659857
   1.03883     -4.674533
   1.01435     -4.682559
   0.98986     -4.682980
   0.96538     -4.667267
   0.94090     -4.649787
   0.91641     -4.634719
   0.89193     -4.624251
   0.86744     -4.619560
   0.84296     -4.619784
   0.81848     -4.622281
   0.79399     -4.623729
   0.79399     -4.567807
   0.75220     -4.563499
   0.71041     -4.558133
   0.66862     -4.562606
   0.62684     -4.579360
   0.58505     -4.604929
   0.54326     -4.637292
   0.50147     -4.666626
   0.45968     -4.677175
   0.41789     -4.676497
   0.37610     -4.675894
   0.33431     -4.676027
   0.29252     -4.676817
   0.25073     -4.679844
   0.20895     -4.683501
   0.16716     -4.677870
   0.12537     -4.652940
   0.08358     -4.628736
   0.04179     -4.611600
   0.00000     -4.605026
 
# Band-Index   25
   0.00000     -4.499018
   0.04179     -4.512519
   0.08358     -4.537432
   0.12537     -4.562543
   0.16716     -4.584562
   0.20895     -4.602935
   0.25073     -4.617193
   0.29252     -4.626658
   0.33431     -4.633433
   0.37610     -4.641067
   0.41789     -4.640095
   0.45968     -4.624687
   0.50147     -4.604834
   0.54326     -4.588109
   0.58505     -4.569637
   0.62684     -4.545996
   0.66862     -4.528734
   0.71041     -4.532557
   0.75220     -4.539224
   0.79399     -4.541863
   0.79399     -4.486314
   0.81848     -4.488209
   0.84296     -4.492890
   0.86744     -4.497896
   0.89193     -4.500781
   0.91641     -4.501001
   0.94090     -4.500625
   0.96538     -4.502887
   0.98986     -4.509872
   1.01435     -4.521514
   1.03883     -4.536533
   1.06332     -4.553135
   1.08780     -4.568363
   1.11228     -4.574017
   1.13677     -4.558951
   1.16125     -4.534284
   1.18574     -4.510581
   1.21022     -4.495927
   1.23470     -4.497440
   1.25919     -4.499018
   1.25919     -4.499018
   1.28051     -4.504228
   1.30182     -4.516877
   1.32314     -4.531728
   1.34446     -4.544847
   1.36577     -4.553492
   1.38709     -4.558642
   1.40841     -4.563390
   1.42973     -4.568601
   1.45104     -4.573707
   1.47236     -4.578101
   1.49368     -4.581561
   1.51499     -4.585166
   1.53631     -4.596473
   1.55763     -4.611287
   1.57895     -4.621537
   1.60026     -4.627351
   1.62158     -4.630597
   1.64290     -4.632293
   1.66421     -4.632825
   1.66421     -4.592690
   1.71099     -4.595485
   1.75777     -4.597620
   1.80454     -4.595784
   1.85132     -4.598367
   1.89809     -4.598063
   1.94487     -4.592351
   1.99164     -4.583986
   2.03842     -4.578788
   2.08519     -4.583320
   2.13197     -4.577692
   2.17874     -4.576921
   2.22552     -4.581774
   2.27229     -4.588117
   2.31907     -4.594097
   2.36584     -4.598574
   2.41262     -4.581770
   2.45939     -4.550185
   2.50617     -4.519046
   2.55294     -4.499018
   2.55294     -4.499018
   2.58520     -4.509342
   2.61745     -4.536463
   2.64971     -4.567108
   2.68197     -4.592764
   2.71422     -4.579669
   2.74648     -4.559317
   2.77873     -4.551016
   2.81099     -4.556458
   2.84325     -4.565568
   2.87550     -4.572205
   2.90776     -4.573026
   2.94002     -4.567694
   2.97227     -4.558957
   3.00453     -4.551596
   3.03678     -4.550704
   3.06904     -4.555852
   3.10130     -4.560308
   3.13355     -4.561373
   3.16581     -4.561287
   3.16581     -4.568451
   3.20623     -4.560908
   3.24666     -4.543331
   3.28708     -4.521602
   3.32751     -4.508302
   3.36793     -4.518430
   3.40836     -4.545135
   3.44878     -4.576943
   3.48921     -4.583954
   3.52963     -4.578927
   3.57006     -4.579163
   3.61048     -4.585668
   3.65091     -4.593260
   3.69133     -4.596292
   3.73176     -4.590316
   3.77218     -4.574882
   3.81261     -4.554883
   3.85303     -4.536513
   3.89346     -4.514896
   3.93388     -4.499018
   3.93388     -4.499018
   3.98265     -4.509190
   4.03141     -4.523445
   4.08018     -4.537533
   4.12894     -4.553260
   4.17771     -4.571613
   4.22648     -4.591767
   4.27524     -4.611928
   4.32401     -4.629284
   4.37277     -4.634827
   4.42154     -4.625421
   4.47030     -4.612892
   4.51907     -4.599577
   4.56784     -4.589081
   4.61660     -4.591224
   4.66537     -4.599728
   4.71413     -4.599256
   4.76290     -4.589302
   4.81166     -4.583792
   4.86043     -4.583176
 
# Band-Index   26
   4.86043     -4.511702
   4.81166     -4.512720
   4.76290     -4.516430
   4.71413     -4.519486
   4.66537     -4.525823
   4.61660     -4.539645
   4.56784     -4.550053
   4.51907     -4.548646
   4.47030     -4.540311
   4.42154     -4.528298
   4.37277     -4.516710
   4.32401     -4.508259
   4.27524     -4.503035
   4.22648     -4.500135
   4.17771     -4.497487
   4.12894     -4.492320
   4.08018     -4.483472
   4.03141     -4.472680
   3.98265     -4.468282
   3.93388     -4.476012
   3.93388     -4.476012
   3.89346     -4.482737
   3.85303     -4.512712
   3.81261     -4.534627
   3.77218     -4.537581
   3.73176     -4.529913
   3.69133     -4.517487
   3.65091     -4.502784
   3.61048     -4.488048
   3.57006     -4.478868
   3.52963     -4.479400
   3.48921     -4.480740
   3.44878     -4.480104
   3.40836     -4.478713
   3.36793     -4.480475
   3.32751     -4.496057
   3.28708     -4.508670
   3.24666     -4.513498
   3.20623     -4.514737
   3.16581     -4.514470
   3.16581     -4.544479
   3.13355     -4.539800
   3.10130     -4.528351
   3.06904     -4.516714
   3.03678     -4.507348
   3.00453     -4.494308
   2.97227     -4.475851
   2.94002     -4.455978
   2.90776     -4.441824
   2.87550     -4.445835
   2.84325     -4.463706
   2.81099     -4.484606
   2.77873     -4.502389
   2.74648     -4.508017
   2.71422     -4.503276
   2.68197     -4.496809
   2.64971     -4.491446
   2.61745     -4.487040
   2.58520     -4.481671
   2.55294     -4.476012
   2.55294     -4.476012
   2.50617     -4.490871
   2.45939     -4.513273
   2.41262     -4.514742
   2.36584     -4.503333
   2.31907     -4.495575
   2.27229     -4.498784
   2.22552     -4.506987
   2.17874     -4.517666
   2.13197     -4.531136
   2.08519     -4.540361
   2.03842     -4.529358
   1.99164     -4.502069
   1.94487     -4.481881
   1.89809     -4.491603
   1.85132     -4.519525
   1.80454     -4.545398
   1.75777     -4.556607
   1.71099     -4.554305
   1.66421     -4.551835
   1.66421     -4.551387
   1.64290     -4.553124
   1.62158     -4.557798
   1.60026     -4.564108
   1.57895     -4.570502
   1.55763     -4.575489
   1.53631     -4.577356
   1.51499     -4.569871
   1.49368     -4.551615
   1.47236     -4.532432
   1.45104     -4.515474
   1.42973     -4.502725
   1.40841     -4.495515
   1.38709     -4.492909
   1.36577     -4.491697
   1.34446     -4.489576
   1.32314     -4.486314
   1.30182     -4.482536
   1.28051     -4.478613
   1.25919     -4.476012
   1.25919     -4.476012
   1.23470     -4.477266
   1.21022     -4.485682
   1.18574     -4.485531
   1.16125     -4.480035
   1.13677     -4.473095
   1.11228     -4.464937
   1.08780     -4.455920
   1.06332     -4.446927
   1.03883     -4.439543
   1.01435     -4.435468
   0.98986     -4.434696
   0.96538     -4.434855
   0.94090     -4.433373
   0.91641     -4.429485
   0.89193     -4.423898
   0.86744     -4.417699
   0.84296     -4.412053
   0.81848     -4.408109
   0.79399     -4.406700
   0.79399     -4.516919
   0.75220     -4.514072
   0.71041     -4.512459
   0.66862     -4.522704
   0.62684     -4.531805
   0.58505     -4.544620
   0.54326     -4.562601
   0.50147     -4.581099
   0.45968     -4.594300
   0.41789     -4.603092
   0.37610     -4.608316
   0.33431     -4.605658
   0.29252     -4.590428
   0.25073     -4.568142
   0.20895     -4.544172
   0.16716     -4.521363
   0.12537     -4.501362
   0.08358     -4.484742
   0.04179     -4.472406
   0.00000     -4.476012
 
# Band-Index   27
   0.00000     -4.461248
   0.04179     -4.466759
   0.08358     -4.458685
   0.12537     -4.449655
   0.16716     -4.441990
   0.20895     -4.436586
   0.25073     -4.433979
   0.29252     -4.433818
   0.33431     -4.434993
   0.37610     -4.436328
   0.41789     -4.437074
   0.45968     -4.437135
   0.50147     -4.437385
   0.54326     -4.439930
   0.58505     -4.447041
   0.62684     -4.457808
   0.66862     -4.465565
   0.71041     -4.461552
   0.75220     -4.448828
   0.79399     -4.442153
   0.79399     -4.340361
   0.81848     -4.339290
   0.84296     -4.336726
   0.86744     -4.338745
   0.89193     -4.347875
   0.91641     -4.356754
   0.94090     -4.364366
   0.96538     -4.370485
   0.98986     -4.375268
   1.01435     -4.378881
   1.03883     -4.381442
   1.06332     -4.384519
   1.08780     -4.391403
   1.11228     -4.403391
   1.13677     -4.418163
   1.16125     -4.433459
   1.18574     -4.447664
   1.21022     -4.458774
   1.23470     -4.462965
   1.25919     -4.461248
   1.25919     -4.461248
   1.28051     -4.458769
   1.30182     -4.456055
   1.32314     -4.455151
   1.34446     -4.455516
   1.36577     -4.456612
   1.38709     -4.457762
   1.40841     -4.457775
   1.42973     -4.455830
   1.45104     -4.453217
   1.47236     -4.451998
   1.49368     -4.452951
   1.51499     -4.455940
   1.53631     -4.460634
   1.55763     -4.466476
   1.57895     -4.472732
   1.60026     -4.478672
   1.62158     -4.483639
   1.64290     -4.487010
   1.66421     -4.488219
   1.66421     -4.394321
   1.71099     -4.395208
   1.75777     -4.400015
   1.80454     -4.409734
   1.85132     -4.421257
   1.89809     -4.432529
   1.94487     -4.437492
   1.99164     -4.431735
   2.03842     -4.429077
   2.08519     -4.432587
   2.13197     -4.435181
   2.17874     -4.434054
   2.22552     -4.438224
   2.27229     -4.446701
   2.31907     -4.457569
   2.36584     -4.462813
   2.41262     -4.461887
   2.45939     -4.461360
   2.50617     -4.464805
   2.55294     -4.461248
   2.55294     -4.461248
   2.58520     -4.460056
   2.61745     -4.457003
   2.64971     -4.451720
   2.68197     -4.443603
   2.71422     -4.433144
   2.74648     -4.422612
   2.77873     -4.413960
   2.81099     -4.405240
   2.84325     -4.396037
   2.87550     -4.394725
   2.90776     -4.396087
   2.94002     -4.390791
   2.97227     -4.395770
   3.00453     -4.414216
   3.03678     -4.436987
   3.06904     -4.455740
   3.10130     -4.465337
   3.13355     -4.467724
   3.16581     -4.467807
   3.16581     -4.453633
   3.20623     -4.449454
   3.24666     -4.440098
   3.28708     -4.432788
   3.32751     -4.432827
   3.36793     -4.429254
   3.40836     -4.413470
   3.44878     -4.404063
   3.48921     -4.412173
   3.52963     -4.428732
   3.57006     -4.440387
   3.61048     -4.437863
   3.65091     -4.429310
   3.69133     -4.424068
   3.73176     -4.425669
   3.77218     -4.433049
   3.81261     -4.443077
   3.85303     -4.453497
   3.89346     -4.463832
   3.93388     -4.461248
   3.93388     -4.461248
   3.98265     -4.463083
   4.03141     -4.456991
   4.08018     -4.445342
   4.12894     -4.431691
   4.17771     -4.419452
   4.22648     -4.413606
   4.27524     -4.412146
   4.32401     -4.410159
   4.37277     -4.408675
   4.42154     -4.409263
   4.47030     -4.412143
   4.51907     -4.419572
   4.56784     -4.433575
   4.61660     -4.450141
   4.66537     -4.461522
   4.71413     -4.466756
   4.76290     -4.474935
   4.81166     -4.470735
   4.86043     -4.461449
 
# Band-Index   28
   4.86043     -4.418149
   4.81166     -4.420422
   4.76290     -4.432344
   4.71413     -4.443412
   4.66537     -4.435746
   4.61660     -4.420596
   4.56784     -4.406255
   4.51907     -4.390689
   4.47030     -4.374139
   4.42154     -4.362126
   4.37277     -4.355237
   4.32401     -4.350887
   4.27524     -4.350957
   4.22648     -4.352612
   4.17771     -4.348647
   4.12894     -4.346047
   4.08018     -4.361825
   4.03141     -4.387661
   3.98265     -4.410705
   3.93388     -4.418433
   3.93388     -4.418433
   3.89346     -4.400159
   3.85303     -4.369946
   3.81261     -4.346310
   3.77218     -4.338900
   3.73176     -4.343988
   3.69133     -4.351307
   3.65091     -4.357323
   3.61048     -4.362747
   3.57006     -4.368755
   3.52963     -4.375237
   3.48921     -4.379960
   3.44878     -4.379176
   3.40836     -4.375181
   3.36793     -4.378491
   3.32751     -4.387077
   3.28708     -4.392766
   3.24666     -4.397242
   3.20623     -4.402619
   3.16581     -4.404999
   3.16581     -4.339355
   3.13355     -4.334391
   3.10130     -4.321805
   3.06904     -4.306855
   3.03678     -4.296851
   3.00453     -4.309252
   2.97227     -4.325394
   2.94002     -4.339231
   2.90776     -4.352989
   2.87550     -4.365142
   2.84325     -4.365663
   2.81099     -4.365814
   2.77873     -4.378172
   2.74648     -4.387569
   2.71422     -4.389184
   2.68197     -4.385977
   2.64971     -4.384064
   2.61745     -4.391561
   2.58520     -4.407991
   2.55294     -4.418433
   2.55294     -4.418433
   2.50617     -4.386284
   2.45939     -4.348145
   2.41262     -4.332256
   2.36584     -4.332845
   2.31907     -4.343112
   2.27229     -4.361299
   2.22552     -4.385865
   2.17874     -4.409593
   2.13197     -4.418899
   2.08519     -4.415316
   2.03842     -4.401176
   1.99164     -4.378149
   1.94487     -4.355406
   1.89809     -4.342924
   1.85132     -4.335401
   1.80454     -4.332529
   1.75777     -4.334057
   1.71099     -4.335670
   1.66421     -4.336085
   1.66421     -4.374534
   1.64290     -4.377689
   1.62158     -4.384587
   1.60026     -4.392034
   1.57895     -4.398728
   1.55763     -4.404353
   1.53631     -4.408960
   1.51499     -4.412785
   1.49368     -4.416061
   1.47236     -4.418441
   1.45104     -4.418500
   1.42973     -4.414745
   1.40841     -4.407310
   1.38709     -4.398346
   1.36577     -4.391530
   1.34446     -4.390641
   1.32314     -4.396486
   1.30182     -4.406045
   1.28051     -4.414838
   1.25919     -4.418433
   1.25919     -4.418433
   1.23470     -4.414575
   1.21022     -4.406240
   1.18574     -4.397325
   1.16125     -4.389542
   1.13677     -4.383012
   1.11228     -4.376798
   1.08780     -4.369740
   1.06332     -4.361531
   1.03883     -4.353849
   1.01435     -4.346431
   0.98986     -4.338135
   0.96538     -4.330145
   0.94090     -4.325327
   0.91641     -4.324728
   0.89193     -4.327036
   0.86744     -4.330102
   0.84296     -4.325724
   0.81848     -4.315948
   0.79399     -4.309697
   0.79399     -4.411960
   0.75220     -4.408953
   0.71041     -4.399600
   0.66862     -4.384855
   0.62684     -4.367768
   0.58505     -4.351332
   0.54326     -4.335776
   0.50147     -4.321425
   0.45968     -4.311096
   0.41789     -4.306868
   0.37610     -4.308222
   0.33431     -4.313030
   0.29252     -4.318168
   0.25073     -4.320404
   0.20895     -4.317762
   0.16716     -4.311790
   0.12537     -4.322462
   0.08358     -4.362009
   0.04179     -4.399393
   0.00000     -4.418433
 
# Band-Index   29
   0.00000     -4.340591
   0.04179     -4.332765
   0.08358     -4.316681
   0.12537     -4.305761
   0.16716     -4.282397
   0.20895     -4.274283
   0.25073     -4.270529
   0.29252     -4.266403
   0.33431     -4.262383
   0.37610     -4.260254
   0.41789     -4.263852
   0.45968     -4.274395
   0.50147     -4.287589
   0.54326     -4.300127
   0.58505     -4.311870
   0.62684     -4.325166
   0.66862     -4.344710
   0.71041     -4.361342
   0.75220     -4.370215
   0.79399     -4.373194
   0.79399     -4.296048
   0.81848     -4.290328
   0.84296     -4.282243
   0.86744     -4.276539
   0.89193     -4.274854
   0.91641     -4.277685
   0.94090     -4.284246
   0.96538     -4.293859
   0.98986     -4.306504
   1.01435     -4.320426
   1.03883     -4.333776
   1.06332     -4.344411
   1.08780     -4.350791
   1.11228     -4.354344
   1.13677     -4.356671
   1.16125     -4.357404
   1.18574     -4.355155
   1.21022     -4.349752
   1.23470     -4.343501
   1.25919     -4.340591
   1.25919     -4.340591
   1.28051     -4.337871
   1.30182     -4.330284
   1.32314     -4.319620
   1.34446     -4.308982
   1.36577     -4.301488
   1.38709     -4.300394
   1.40841     -4.305394
   1.42973     -4.312729
   1.45104     -4.320051
   1.47236     -4.325631
   1.49368     -4.328208
   1.51499     -4.327350
   1.53631     -4.323639
   1.55763     -4.318350
   1.57895     -4.313146
   1.60026     -4.310514
   1.62158     -4.313792
   1.64290     -4.321102
   1.66421     -4.324936
   1.66421     -4.310313
   1.71099     -4.310073
   1.75777     -4.310028
   1.80454     -4.310484
   1.85132     -4.314527
   1.89809     -4.322836
   1.94487     -4.323580
   1.99164     -4.303316
   2.03842     -4.280634
   2.08519     -4.269488
   2.13197     -4.263619
   2.17874     -4.265032
   2.22552     -4.277338
   2.27229     -4.294337
   2.31907     -4.306173
   2.36584     -4.308820
   2.41262     -4.307392
   2.45939     -4.319541
   2.50617     -4.334398
   2.55294     -4.340591
   2.55294     -4.340591
   2.58520     -4.341981
   2.61745     -4.343125
   2.64971     -4.336927
   2.68197     -4.325295
   2.71422     -4.320649
   2.74648     -4.325018
   2.77873     -4.333528
   2.81099     -4.342314
   2.84325     -4.337835
   2.87550     -4.325088
   2.90776     -4.315180
   2.94002     -4.309129
   2.97227     -4.304882
   3.00453     -4.298031
   3.03678     -4.289705
   3.06904     -4.281708
   3.10130     -4.275185
   3.13355     -4.271163
   3.16581     -4.269822
   3.16581     -4.297030
   3.20623     -4.307447
   3.24666     -4.323399
   3.28708     -4.330016
   3.32751     -4.326682
   3.36793     -4.327427
   3.40836     -4.330591
   3.44878     -4.327152
   3.48921     -4.315480
   3.52963     -4.298005
   3.57006     -4.280452
   3.61048     -4.278860
   3.65091     -4.289308
   3.69133     -4.298314
   3.73176     -4.303179
   3.77218     -4.304956
   3.81261     -4.303798
   3.85303     -4.307760
   3.89346     -4.328408
   3.93388     -4.340591
   3.93388     -4.340591
   3.98265     -4.334059
   4.03141     -4.324632
   4.08018     -4.318267
   4.12894     -4.313335
   4.17771     -4.311697
   4.22648     -4.313848
   4.27524     -4.318916
   4.32401     -4.319189
   4.37277     -4.310146
   4.42154     -4.299693
   4.47030     -4.303813
   4.51907     -4.315191
   4.56784     -4.323685
   4.61660     -4.329382
   4.66537     -4.333175
   4.71413     -4.338047
   4.76290     -4.350481
   4.81166     -4.372212
   4.86043     -4.384209
 
# Band-Index   30
   4.86043     -4.320923
   4.81166     -4.319372
   4.76290     -4.312131
   4.71413     -4.295796
   4.66537     -4.280900
   4.61660     -4.278737
   4.56784     -4.280473
   4.51907     -4.280985
   4.47030     -4.280589
   4.42154     -4.270991
   4.37277     -4.249197
   4.32401     -4.250496
   4.27524     -4.265480
   4.22648     -4.283536
   4.17771     -4.299123
   4.12894     -4.304441
   4.08018     -4.291250
   4.03141     -4.279207
   3.98265     -4.277495
   3.93388     -4.278231
   3.93388     -4.278231
   3.89346     -4.279223
   3.85303     -4.277313
   3.81261     -4.265243
   3.77218     -4.256863
   3.73176     -4.248998
   3.69133     -4.242893
   3.65091     -4.240915
   3.61048     -4.245743
   3.57006     -4.250331
   3.52963     -4.251960
   3.48921     -4.262820
   3.44878     -4.274685
   3.40836     -4.276896
   3.36793     -4.270261
   3.32751     -4.267067
   3.28708     -4.259144
   3.24666     -4.255960
   3.20623     -4.261133
   3.16581     -4.267035
   3.16581     -4.224804
   3.13355     -4.232038
   3.10130     -4.249098
   3.06904     -4.269164
   3.03678     -4.287496
   3.00453     -4.289604
   2.97227     -4.292712
   2.94002     -4.294679
   2.90776     -4.289327
   2.87550     -4.285716
   2.84325     -4.284447
   2.81099     -4.280873
   2.77873     -4.274003
   2.74648     -4.268999
   2.71422     -4.281960
   2.68197     -4.289443
   2.64971     -4.287662
   2.61745     -4.283192
   2.58520     -4.279563
   2.55294     -4.278231
   2.55294     -4.278231
   2.50617     -4.278926
   2.45939     -4.279663
   2.41262     -4.275608
   2.36584     -4.266571
   2.31907     -4.258405
   2.27229     -4.248987
   2.22552     -4.238149
   2.17874     -4.228367
   2.13197     -4.223154
   2.08519     -4.227704
   2.03842     -4.244520
   1.99164     -4.255233
   1.94487     -4.257502
   1.89809     -4.258793
   1.85132     -4.260670
   1.80454     -4.265878
   1.75777     -4.280403
   1.71099     -4.295377
   1.66421     -4.301073
   1.66421     -4.281668
   1.64290     -4.282006
   1.62158     -4.281469
   1.60026     -4.276099
   1.57895     -4.265881
   1.55763     -4.254868
   1.53631     -4.245431
   1.51499     -4.238724
   1.49368     -4.235925
   1.47236     -4.238031
   1.45104     -4.244761
   1.42973     -4.255347
   1.40841     -4.268499
   1.38709     -4.281441
   1.36577     -4.289784
   1.34446     -4.292186
   1.32314     -4.289597
   1.30182     -4.284274
   1.28051     -4.279854
   1.25919     -4.278231
   1.25919     -4.278231
   1.23470     -4.278105
   1.21022     -4.278900
   1.18574     -4.281411
   1.16125     -4.284773
   1.13677     -4.287581
   1.11228     -4.288439
   1.08780     -4.286337
   1.06332     -4.281504
   1.03883     -4.277674
   1.01435     -4.278007
   0.98986     -4.278201
   0.96538     -4.274316
   0.94090     -4.263778
   0.91641     -4.248540
   0.89193     -4.232424
   0.86744     -4.219191
   0.84296     -4.210816
   0.81848     -4.206135
   0.79399     -4.204486
   0.79399     -4.331642
   0.75220     -4.332565
   0.71041     -4.333865
   0.66862     -4.329119
   0.62684     -4.310003
   0.58505     -4.277164
   0.54326     -4.258889
   0.50147     -4.241379
   0.45968     -4.225519
   0.41789     -4.215227
   0.37610     -4.209833
   0.33431     -4.209289
   0.29252     -4.216323
   0.25073     -4.230859
   0.20895     -4.252583
   0.16716     -4.276550
   0.12537     -4.277116
   0.08358     -4.276311
   0.04179     -4.277530
   0.00000     -4.278231
 
# Band-Index   31
   0.00000     -4.244615
   0.04179     -4.243514
   0.08358     -4.239945
   0.12537     -4.228181
   0.16716     -4.204955
   0.20895     -4.179488
   0.25073     -4.164053
   0.29252     -4.159461
   0.33431     -4.161075
   0.37610     -4.164086
   0.41789     -4.169559
   0.45968     -4.179313
   0.50147     -4.200316
   0.54326     -4.234221
   0.58505     -4.268529
   0.62684     -4.275843
   0.66862     -4.272421
   0.71041     -4.267173
   0.75220     -4.261953
   0.79399     -4.257616
   0.79399     -4.186471
   0.81848     -4.185229
   0.84296     -4.185049
   0.86744     -4.191736
   0.89193     -4.199598
   0.91641     -4.205558
   0.94090     -4.211945
   0.96538     -4.221085
   0.98986     -4.233417
   1.01435     -4.246927
   1.03883     -4.257159
   1.06332     -4.258554
   1.08780     -4.253832
   1.11228     -4.247574
   1.13677     -4.241869
   1.16125     -4.238163
   1.18574     -4.237503
   1.21022     -4.239829
   1.23470     -4.243133
   1.25919     -4.244615
   1.25919     -4.244615
   1.28051     -4.245682
   1.30182     -4.248164
   1.32314     -4.250476
   1.34446     -4.250520
   1.36577     -4.245341
   1.38709     -4.233933
   1.40841     -4.219391
   1.42973     -4.206634
   1.45104     -4.204533
   1.47236     -4.204561
   1.49368     -4.203224
   1.51499     -4.199230
   1.53631     -4.193929
   1.55763     -4.191143
   1.57895     -4.194962
   1.60026     -4.202690
   1.62158     -4.209943
   1.64290     -4.214820
   1.66421     -4.216532
   1.66421     -4.236286
   1.71099     -4.234767
   1.75777     -4.235057
   1.80454     -4.241288
   1.85132     -4.241055
   1.89809     -4.234246
   1.94487     -4.222203
   1.99164     -4.210076
   2.03842     -4.203694
   2.08519     -4.189359
   2.13197     -4.173985
   2.17874     -4.174492
   2.22552     -4.176380
   2.27229     -4.183462
   2.31907     -4.200177
   2.36584     -4.224817
   2.41262     -4.248147
   2.45939     -4.253776
   2.50617     -4.247508
   2.55294     -4.244615
   2.55294     -4.244615
   2.58520     -4.242209
   2.61745     -4.237543
   2.64971     -4.236278
   2.68197     -4.241472
   2.71422     -4.251058
   2.74648     -4.259660
   2.77873     -4.248924
   2.81099     -4.238299
   2.84325     -4.236200
   2.87550     -4.241175
   2.90776     -4.243005
   2.94002     -4.235385
   2.97227     -4.223470
   3.00453     -4.211115
   3.03678     -4.198595
   3.06904     -4.186275
   3.10130     -4.175935
   3.13355     -4.169377
   3.16581     -4.167305
   3.16581     -4.195192
   3.20623     -4.202532
   3.24666     -4.215594
   3.28708     -4.226012
   3.32751     -4.233700
   3.36793     -4.248212
   3.40836     -4.243449
   3.44878     -4.231583
   3.48921     -4.225797
   3.52963     -4.228165
   3.57006     -4.228148
   3.61048     -4.220844
   3.65091     -4.208344
   3.69133     -4.198931
   3.73176     -4.198765
   3.77218     -4.208432
   3.81261     -4.231223
   3.85303     -4.243435
   3.89346     -4.244649
   3.93388     -4.244615
   3.93388     -4.244615
   3.98265     -4.236104
   4.03141     -4.222866
   4.08018     -4.218195
   4.12894     -4.208916
   4.17771     -4.197394
   4.22648     -4.188334
   4.27524     -4.190694
   4.32401     -4.209359
   4.37277     -4.228495
   4.42154     -4.225727
   4.47030     -4.217061
   4.51907     -4.207005
   4.56784     -4.211013
   4.61660     -4.231483
   4.66537     -4.244575
   4.71413     -4.239076
   4.76290     -4.225007
   4.81166     -4.213997
   4.86043     -4.210232
 
# Band-Index   32
   4.86043     -4.166324
   4.81166     -4.170287
   4.76290     -4.177848
   4.71413     -4.181412
   4.66537     -4.182217
   4.61660     -4.183793
   4.56784     -4.186418
   4.51907     -4.173307
   4.47030     -4.147419
   4.42154     -4.123156
   4.37277     -4.105773
   4.32401     -4.103154
   4.27524     -4.116627
   4.22648     -4.127996
   4.17771     -4.137281
   4.12894     -4.148828
   4.08018     -4.168430
   4.03141     -4.192666
   3.98265     -4.194085
   3.93388     -4.187886
   3.93388     -4.187886
   3.89346     -4.191893
   3.85303     -4.197449
   3.81261     -4.197383
   3.77218     -4.185988
   3.73176     -4.159474
   3.69133     -4.144809
   3.65091     -4.139679
   3.61048     -4.138110
   3.57006     -4.146676
   3.52963     -4.161519
   3.48921     -4.174622
   3.44878     -4.186428
   3.40836     -4.202066
   3.36793     -4.216004
   3.32751     -4.215040
   3.28708     -4.185275
   3.24666     -4.149766
   3.20623     -4.146326
   3.16581     -4.153872
   3.16581     -4.141048
   3.13355     -4.144367
   3.10130     -4.148537
   3.06904     -4.151079
   3.03678     -4.151655
   3.00453     -4.150999
   2.97227     -4.151163
   2.94002     -4.152697
   2.90776     -4.155240
   2.87550     -4.158555
   2.84325     -4.160919
   2.81099     -4.159868
   2.77873     -4.156343
   2.74648     -4.154160
   2.71422     -4.158684
   2.68197     -4.170080
   2.64971     -4.180271
   2.61745     -4.185698
   2.58520     -4.187490
   2.55294     -4.187886
   2.55294     -4.187886
   2.50617     -4.188665
   2.45939     -4.183170
   2.41262     -4.169787
   2.36584     -4.153834
   2.31907     -4.140585
   2.27229     -4.133363
   2.22552     -4.130541
   2.17874     -4.140112
   2.13197     -4.161382
   2.08519     -4.173127
   2.03842     -4.183656
   1.99164     -4.197192
   1.94487     -4.198053
   1.89809     -4.192412
   1.85132     -4.194830
   1.80454     -4.205881
   1.75777     -4.214427
   1.71099     -4.214212
   1.66421     -4.212750
   1.66421     -4.131772
   1.64290     -4.133582
   1.62158     -4.139062
   1.60026     -4.146866
   1.57895     -4.154035
   1.55763     -4.156449
   1.53631     -4.153911
   1.51499     -4.154094
   1.49368     -4.161146
   1.47236     -4.173404
   1.45104     -4.187783
   1.42973     -4.200621
   1.40841     -4.203179
   1.38709     -4.202637
   1.36577     -4.200598
   1.34446     -4.197471
   1.32314     -4.193952
   1.30182     -4.190800
   1.28051     -4.188647
   1.25919     -4.187886
   1.25919     -4.187886
   1.23470     -4.186530
   1.21022     -4.182381
   1.18574     -4.175640
   1.16125     -4.167453
   1.13677     -4.159410
   1.11228     -4.152369
   1.08780     -4.146402
   1.06332     -4.141283
   1.03883     -4.136695
   1.01435     -4.132318
   0.98986     -4.128174
   0.96538     -4.125548
   0.94090     -4.127427
   0.91641     -4.134814
   0.89193     -4.144941
   0.86744     -4.153977
   0.84296     -4.155952
   0.81848     -4.147377
   0.79399     -4.140576
   0.79399     -4.212438
   0.75220     -4.203454
   0.71041     -4.192288
   0.66862     -4.183701
   0.62684     -4.172245
   0.58505     -4.161859
   0.54326     -4.155457
   0.50147     -4.152637
   0.45968     -4.153976
   0.41789     -4.152008
   0.37610     -4.142563
   0.33431     -4.131672
   0.29252     -4.130650
   0.25073     -4.143886
   0.20895     -4.167096
   0.16716     -4.185957
   0.12537     -4.198775
   0.08358     -4.201949
   0.04179     -4.194266
   0.00000     -4.187886
 
# Band-Index   33
   0.00000     -4.143360
   0.04179     -4.138908
   0.08358     -4.132073
   0.12537     -4.127416
   0.16716     -4.124886
   0.20895     -4.123228
   0.25073     -4.119122
   0.29252     -4.107912
   0.33431     -4.101909
   0.37610     -4.105969
   0.41789     -4.116470
   0.45968     -4.130647
   0.50147     -4.136739
   0.54326     -4.129809
   0.58505     -4.122696
   0.62684     -4.124733
   0.66862     -4.140210
   0.71041     -4.159781
   0.75220     -4.169224
   0.79399     -4.169372
   0.79399     -4.110980
   0.81848     -4.104797
   0.84296     -4.094829
   0.86744     -4.086898
   0.89193     -4.082135
   0.91641     -4.080507
   0.94090     -4.080848
   0.96538     -4.080708
   0.98986     -4.080634
   1.01435     -4.083244
   1.03883     -4.088429
   1.06332     -4.095621
   1.08780     -4.104427
   1.11228     -4.114205
   1.13677     -4.123876
   1.16125     -4.132095
   1.18574     -4.137916
   1.21022     -4.141316
   1.23470     -4.142914
   1.25919     -4.143360
   1.25919     -4.143360
   1.28051     -4.144436
   1.30182     -4.147036
   1.32314     -4.150117
   1.34446     -4.153027
   1.36577     -4.155354
   1.38709     -4.156474
   1.40841     -4.155197
   1.42973     -4.149894
   1.45104     -4.139958
   1.47236     -4.127039
   1.49368     -4.113889
   1.51499     -4.103903
   1.53631     -4.100927
   1.55763     -4.103140
   1.57895     -4.106653
   1.60026     -4.110079
   1.62158     -4.112481
   1.64290     -4.113188
   1.66421     -4.113012
   1.66421     -4.121389
   1.71099     -4.123398
   1.75777     -4.122963
   1.80454     -4.115281
   1.85132     -4.112302
   1.89809     -4.123221
   1.94487     -4.124458
   1.99164     -4.125329
   2.03842     -4.125521
   2.08519     -4.120361
   2.13197     -4.111523
   2.17874     -4.114832
   2.22552     -4.120342
   2.27229     -4.122681
   2.31907     -4.127536
   2.36584     -4.130441
   2.41262     -4.131819
   2.45939     -4.134227
   2.50617     -4.139398
   2.55294     -4.143360
   2.55294     -4.143360
   2.58520     -4.143790
   2.61745     -4.144492
   2.64971     -4.144659
   2.68197     -4.144171
   2.71422     -4.142124
   2.74648     -4.133668
   2.77873     -4.121024
   2.81099     -4.109826
   2.84325     -4.102554
   2.87550     -4.100513
   2.90776     -4.103612
   2.94002     -4.109957
   2.97227     -4.115725
   3.00453     -4.115805
   3.03678     -4.108548
   3.06904     -4.099778
   3.10130     -4.101312
   3.13355     -4.112544
   3.16581     -4.120164
   3.16581     -4.083509
   3.20623     -4.101678
   3.24666     -4.120341
   3.28708     -4.119075
   3.32751     -4.124683
   3.36793     -4.128788
   3.40836     -4.129602
   3.44878     -4.124860
   3.48921     -4.113422
   3.52963     -4.103099
   3.57006     -4.099184
   3.61048     -4.097641
   3.65091     -4.102438
   3.69133     -4.120120
   3.73176     -4.134421
   3.77218     -4.134575
   3.81261     -4.133851
   3.85303     -4.135720
   3.89346     -4.140258
   3.93388     -4.143360
   3.93388     -4.143360
   3.98265     -4.138933
   4.03141     -4.130591
   4.08018     -4.119567
   4.12894     -4.102870
   4.17771     -4.086509
   4.22648     -4.080523
   4.27524     -4.082893
   4.32401     -4.084604
   4.37277     -4.075089
   4.42154     -4.063079
   4.47030     -4.055544
   4.51907     -4.054522
   4.56784     -4.064617
   4.61660     -4.088648
   4.66537     -4.113954
   4.71413     -4.132953
   4.76290     -4.144911
   4.81166     -4.151877
   4.86043     -4.153690
 
# Band-Index   34
   4.86043     -4.119555
   4.81166     -4.119721
   4.76290     -4.114737
   4.71413     -4.102755
   4.66537     -4.086602
   4.61660     -4.069278
   4.56784     -4.051710
   4.51907     -4.030121
   4.47030     -4.011783
   4.42154     -4.011214
   4.37277     -4.020282
   4.32401     -4.026709
   4.27524     -4.026696
   4.22648     -4.021284
   4.17771     -4.012640
   4.12894     -4.011813
   4.08018     -4.023350
   4.03141     -4.037764
   3.98265     -4.048795
   3.93388     -4.052958
   3.93388     -4.052958
   3.89346     -4.046811
   3.85303     -4.030320
   3.81261     -4.009025
   3.77218     -3.991123
   3.73176     -3.985608
   3.69133     -3.992845
   3.65091     -4.010283
   3.61048     -4.024341
   3.57006     -4.031458
   3.52963     -4.045741
   3.48921     -4.058804
   3.44878     -4.065599
   3.40836     -4.064309
   3.36793     -4.059875
   3.32751     -4.070067
   3.28708     -4.087030
   3.24666     -4.090850
   3.20623     -4.080032
   3.16581     -4.067033
   3.16581     -4.091932
   3.13355     -4.090117
   3.10130     -4.086016
   3.06904     -4.081673
   3.03678     -4.072628
   3.00453     -4.060815
   2.97227     -4.047581
   2.94002     -4.034405
   2.90776     -4.023218
   2.87550     -4.015269
   2.84325     -4.009745
   2.81099     -4.004312
   2.77873     -3.997693
   2.74648     -3.991421
   2.71422     -3.991275
   2.68197     -4.002655
   2.64971     -4.020160
   2.61745     -4.036920
   2.58520     -4.048713
   2.55294     -4.052958
   2.55294     -4.052958
   2.50617     -4.046013
   2.45939     -4.028660
   2.41262     -4.010938
   2.36584     -4.006054
   2.31907     -4.018770
   2.27229     -4.038833
   2.22552     -4.059324
   2.17874     -4.077857
   2.13197     -4.087168
   2.08519     -4.079764
   2.03842     -4.074076
   1.99164     -4.076222
   1.94487     -4.083278
   1.89809     -4.092063
   1.85132     -4.102383
   1.80454     -4.088352
   1.75777     -4.066774
   1.71099     -4.057608
   1.66421     -4.059184
   1.66421     -4.070998
   1.64290     -4.069386
   1.62158     -4.065743
   1.60026     -4.062165
   1.57895     -4.060336
   1.55763     -4.061564
   1.53631     -4.064527
   1.51499     -4.061493
   1.49368     -4.048545
   1.47236     -4.031462
   1.45104     -4.015189
   1.42973     -4.000322
   1.40841     -3.986203
   1.38709     -3.976179
   1.36577     -3.987843
   1.34446     -4.004888
   1.32314     -4.022281
   1.30182     -4.037760
   1.28051     -4.048847
   1.25919     -4.052958
   1.25919     -4.052958
   1.23470     -4.052736
   1.21022     -4.052138
   1.18574     -4.051334
   1.16125     -4.050530
   1.13677     -4.049930
   1.11228     -4.049730
   1.08780     -4.050180
   1.06332     -4.051618
   1.03883     -4.054319
   1.01435     -4.058011
   0.98986     -4.061027
   0.96538     -4.060463
   0.94090     -4.055366
   0.91641     -4.046720
   0.89193     -4.037537
   0.86744     -4.031950
   0.84296     -4.031414
   0.81848     -4.033270
   0.79399     -4.034276
   0.79399     -4.111299
   0.75220     -4.110159
   0.71041     -4.108251
   0.66862     -4.106624
   0.62684     -4.103067
   0.58505     -4.093517
   0.54326     -4.080401
   0.50147     -4.066302
   0.45968     -4.054329
   0.41789     -4.048999
   0.37610     -4.050590
   0.33431     -4.056347
   0.29252     -4.052958
   0.25073     -4.035435
   0.20895     -4.014689
   0.16716     -4.007999
   0.12537     -4.020435
   0.08358     -4.035924
   0.04179     -4.048233
   0.00000     -4.052958
 
# Band-Index   35
   0.00000     -3.931861
   0.04179     -3.935057
   0.08358     -3.945174
   0.12537     -3.961346
   0.16716     -3.979203
   0.20895     -3.983844
   0.25073     -3.980352
   0.29252     -3.981646
   0.33431     -3.987584
   0.37610     -3.997536
   0.41789     -4.017281
   0.45968     -4.037792
   0.50147     -4.050215
   0.54326     -4.058011
   0.58505     -4.065033
   0.62684     -4.071491
   0.66862     -4.075199
   0.71041     -4.076771
   0.75220     -4.077024
   0.79399     -4.076790
   0.79399     -3.972484
   0.81848     -3.972755
   0.84296     -3.972813
   0.86744     -3.970705
   0.89193     -3.968342
   0.91641     -3.975857
   0.94090     -3.983570
   0.96538     -3.987198
   0.98986     -3.986812
   1.01435     -3.982982
   1.03883     -3.976320
   1.06332     -3.967648
   1.08780     -3.958127
   1.11228     -3.949108
   1.13677     -3.941783
   1.16125     -3.936754
   1.18574     -3.933864
   1.21022     -3.932492
   1.23470     -3.931979
   1.25919     -3.931861
   1.25919     -3.931861
   1.28051     -3.932454
   1.30182     -3.934423
   1.32314     -3.938516
   1.34446     -3.946089
   1.36577     -3.957167
   1.38709     -3.967384
   1.40841     -3.963695
   1.42973     -3.971589
   1.45104     -3.989220
   1.47236     -4.007290
   1.49368     -4.021293
   1.51499     -4.030668
   1.53631     -4.035705
   1.55763     -4.036074
   1.57895     -4.032173
   1.60026     -4.026723
   1.62158     -4.022127
   1.64290     -4.019273
   1.66421     -4.018321
   1.66421     -4.037336
   1.71099     -4.035507
   1.75777     -4.037798
   1.80454     -4.035590
   1.85132     -4.027146
   1.89809     -4.017037
   1.94487     -4.011381
   1.99164     -4.004086
   2.03842     -3.994855
   2.08519     -3.986201
   2.13197     -3.981610
   2.17874     -3.980793
   2.22552     -3.980652
   2.27229     -3.979470
   2.31907     -3.975890
   2.36584     -3.969443
   2.41262     -3.957647
   2.45939     -3.944510
   2.50617     -3.935167
   2.55294     -3.931861
   2.55294     -3.931861
   2.58520     -3.932843
   2.61745     -3.935811
   2.64971     -3.940639
   2.68197     -3.946115
   2.71422     -3.948332
   2.74648     -3.945983
   2.77873     -3.948903
   2.81099     -3.955992
   2.84325     -3.962816
   2.87550     -3.967278
   2.90776     -3.969774
   2.94002     -3.974793
   2.97227     -3.985939
   3.00453     -4.001854
   3.03678     -4.020474
   3.06904     -4.038655
   3.10130     -4.048884
   3.13355     -4.047665
   3.16581     -4.045595
   3.16581     -4.049745
   3.20623     -4.033244
   3.24666     -4.026078
   3.28708     -4.026900
   3.32751     -4.033581
   3.36793     -4.036429
   3.40836     -4.027141
   3.44878     -4.021207
   3.48921     -4.020959
   3.52963     -4.022702
   3.57006     -4.021842
   3.61048     -4.010541
   3.65091     -3.996037
   3.69133     -3.976078
   3.73176     -3.957048
   3.77218     -3.949400
   3.81261     -3.943213
   3.85303     -3.937330
   3.89346     -3.933281
   3.93388     -3.931861
   3.93388     -3.931861
   3.98265     -3.933780
   4.03141     -3.941403
   4.08018     -3.955804
   4.12894     -3.972515
   4.17771     -3.981130
   4.22648     -3.978402
   4.27524     -3.971022
   4.32401     -3.970502
   4.37277     -3.980979
   4.42154     -3.991225
   4.47030     -3.996350
   4.51907     -3.992251
   4.56784     -4.001191
   4.61660     -4.015972
   4.66537     -4.032247
   4.71413     -4.049667
   4.76290     -4.067904
   4.81166     -4.084070
   4.86043     -4.091382
 
# Band-Index   36
   4.86043     -4.081556
   4.81166     -4.072274
   4.76290     -4.052457
   4.71413     -4.031731
   4.66537     -4.014770
   4.61660     -4.002362
   4.56784     -3.993433
   4.51907     -3.990271
   4.47030     -3.982659
   4.42154     -3.972389
   4.37277     -3.958548
   4.32401     -3.947845
   4.27524     -3.935568
   4.22648     -3.920424
   4.17771     -3.908331
   4.12894     -3.900754
   4.08018     -3.897551
   4.03141     -3.896799
   3.98265     -3.895841
   3.93388     -3.895056
   3.93388     -3.895056
   3.89346     -3.894093
   3.85303     -3.891654
   3.81261     -3.889472
   3.77218     -3.891164
   3.73176     -3.901348
   3.69133     -3.916165
   3.65091     -3.932114
   3.61048     -3.947579
   3.57006     -3.960139
   3.52963     -3.968310
   3.48921     -3.971465
   3.44878     -3.970746
   3.40836     -3.968415
   3.36793     -3.964968
   3.32751     -3.964279
   3.28708     -3.976171
   3.24666     -3.996709
   3.20623     -4.019280
   3.16581     -4.027810
   3.16581     -3.917645
   3.13355     -3.918577
   3.10130     -3.921161
   3.06904     -3.924739
   3.03678     -3.928665
   3.00453     -3.932608
   2.97227     -3.935963
   2.94002     -3.936465
   2.90776     -3.931025
   2.87550     -3.922028
   2.84325     -3.915612
   2.81099     -3.915573
   2.77873     -3.920881
   2.74648     -3.924835
   2.71422     -3.920868
   2.68197     -3.913597
   2.64971     -3.906342
   2.61745     -3.900355
   2.58520     -3.896424
   2.55294     -3.895056
   2.55294     -3.895056
   2.50617     -3.893711
   2.45939     -3.891156
   2.41262     -3.889398
   2.36584     -3.885751
   2.31907     -3.885211
   2.27229     -3.909361
   2.22552     -3.933922
   2.17874     -3.951082
   2.13197     -3.963739
   2.08519     -3.973103
   2.03842     -3.977234
   1.99164     -3.978913
   1.94487     -3.982811
   1.89809     -3.992544
   1.85132     -3.992875
   1.80454     -3.995960
   1.75777     -4.013898
   1.71099     -4.028776
   1.66421     -4.027517
   1.66421     -3.962457
   1.64290     -3.962535
   1.62158     -3.962682
   1.60026     -3.962670
   1.57895     -3.962210
   1.55763     -3.961081
   1.53631     -3.959212
   1.51499     -3.956699
   1.49368     -3.953771
   1.47236     -3.950786
   1.45104     -3.948327
   1.42973     -3.947126
   1.40841     -3.944766
   1.38709     -3.938211
   1.36577     -3.931838
   1.34446     -3.925093
   1.32314     -3.916368
   1.30182     -3.906500
   1.28051     -3.898348
   1.25919     -3.895056
   1.25919     -3.895056
   1.23470     -3.895468
   1.21022     -3.896694
   1.18574     -3.898708
   1.16125     -3.901471
   1.13677     -3.904850
   1.11228     -3.908562
   1.08780     -3.912382
   1.06332     -3.916240
   1.03883     -3.920100
   1.01435     -3.923858
   0.98986     -3.927479
   0.96538     -3.931431
   0.94090     -3.937705
   0.91641     -3.947364
   0.89193     -3.953310
   0.86744     -3.945175
   0.84296     -3.935732
   0.81848     -3.929791
   0.79399     -3.927732
   0.79399     -4.041834
   0.75220     -4.040960
   0.71041     -4.039262
   0.66862     -4.037937
   0.62684     -4.036681
   0.58505     -4.032518
   0.54326     -4.022480
   0.50147     -4.008875
   0.45968     -3.996483
   0.41789     -3.987317
   0.37610     -3.973405
   0.33431     -3.947083
   0.29252     -3.923252
   0.25073     -3.911338
   0.20895     -3.905698
   0.16716     -3.902783
   0.12537     -3.901213
   0.08358     -3.899580
   0.04179     -3.896850
   0.00000     -3.895056
 
# Band-Index   37
   0.00000     -3.851784
   0.04179     -3.848793
   0.08358     -3.842156
   0.12537     -3.835870
   0.16716     -3.835807
   0.20895     -3.848331
   0.25073     -3.871352
   0.29252     -3.896942
   0.33431     -3.915126
   0.37610     -3.928268
   0.41789     -3.939239
   0.45968     -3.946990
   0.50147     -3.950534
   0.54326     -3.950084
   0.58505     -3.947244
   0.62684     -3.947392
   0.66862     -3.961288
   0.71041     -3.981179
   0.75220     -3.997299
   0.79399     -4.003570
   0.79399     -3.861154
   0.81848     -3.871500
   0.84296     -3.890409
   0.86744     -3.906840
   0.89193     -3.916418
   0.91641     -3.919673
   0.94090     -3.917177
   0.96538     -3.908558
   0.98986     -3.897357
   1.01435     -3.887138
   1.03883     -3.879378
   1.06332     -3.874276
   1.08780     -3.871115
   1.11228     -3.868756
   1.13677     -3.866158
   1.16125     -3.862802
   1.18574     -3.858915
   1.21022     -3.855267
   1.23470     -3.852702
   1.25919     -3.851784
   1.25919     -3.851784
   1.28051     -3.850710
   1.30182     -3.849077
   1.32314     -3.849479
   1.34446     -3.853719
   1.36577     -3.862487
   1.38709     -3.874243
   1.40841     -3.884204
   1.42973     -3.887037
   1.45104     -3.883017
   1.47236     -3.876376
   1.49368     -3.870266
   1.51499     -3.866445
   1.53631     -3.865638
   1.55763     -3.866831
   1.57895     -3.868456
   1.60026     -3.869704
   1.62158     -3.870404
   1.64290     -3.870686
   1.66421     -3.870751
   1.66421     -3.917177
   1.71099     -3.920098
   1.75777     -3.933241
   1.80454     -3.949262
   1.85132     -3.963769
   1.89809     -3.970722
   1.94487     -3.968302
   1.99164     -3.956221
   2.03842     -3.948259
   2.08519     -3.941868
   2.13197     -3.930258
   2.17874     -3.909605
   2.22552     -3.885250
   2.27229     -3.872278
   2.31907     -3.872772
   2.36584     -3.860658
   2.41262     -3.853838
   2.45939     -3.852841
   2.50617     -3.852184
   2.55294     -3.851784
   2.55294     -3.851784
   2.58520     -3.853596
   2.61745     -3.858188
   2.64971     -3.863638
   2.68197     -3.868164
   2.71422     -3.871072
   2.74648     -3.873120
   2.77873     -3.875783
   2.81099     -3.879305
   2.84325     -3.883359
   2.87550     -3.887991
   2.90776     -3.888981
   2.94002     -3.884149
   2.97227     -3.874637
   3.00453     -3.862877
   3.03678     -3.852818
   3.06904     -3.854104
   3.10130     -3.865549
   3.13355     -3.875409
   3.16581     -3.879115
   3.16581     -3.920240
   3.20623     -3.918806
   3.24666     -3.917074
   3.28708     -3.923056
   3.32751     -3.930232
   3.36793     -3.923093
   3.40836     -3.908756
   3.44878     -3.892746
   3.48921     -3.877681
   3.52963     -3.877150
   3.57006     -3.881714
   3.61048     -3.885477
   3.65091     -3.889307
   3.69133     -3.892199
   3.73176     -3.888164
   3.77218     -3.874709
   3.81261     -3.861764
   3.85303     -3.855048
   3.89346     -3.852424
   3.93388     -3.851784
   3.93388     -3.851784
   3.98265     -3.852727
   4.03141     -3.855534
   4.08018     -3.859716
   4.12894     -3.864723
   4.17771     -3.872780
   4.22648     -3.886918
   4.27524     -3.904067
   4.32401     -3.918136
   4.37277     -3.922944
   4.42154     -3.924465
   4.47030     -3.936018
   4.51907     -3.954965
   4.56784     -3.964452
   4.61660     -3.960610
   4.66537     -3.952476
   4.71413     -3.940649
   4.76290     -3.923714
   4.81166     -3.905342
   4.86043     -3.897769
 
# Band-Index   38
   4.86043     -3.883757
   4.81166     -3.884138
   4.76290     -3.880707
   4.71413     -3.875637
   4.66537     -3.871573
   4.61660     -3.869674
   4.56784     -3.871704
   4.51907     -3.878815
   4.47030     -3.886361
   4.42154     -3.883593
   4.37277     -3.869032
   4.32401     -3.854769
   4.27524     -3.844915
   4.22648     -3.836568
   4.17771     -3.826636
   4.12894     -3.813155
   4.08018     -3.798124
   4.03141     -3.784667
   3.98265     -3.775159
   3.93388     -3.771664
   3.93388     -3.771664
   3.89346     -3.774390
   3.85303     -3.781861
   3.81261     -3.791162
   3.77218     -3.797125
   3.73176     -3.796618
   3.69133     -3.799134
   3.65091     -3.814276
   3.61048     -3.830964
   3.57006     -3.846673
   3.52963     -3.861310
   3.48921     -3.869852
   3.44878     -3.864502
   3.40836     -3.868021
   3.36793     -3.873965
   3.32751     -3.878959
   3.28708     -3.882237
   3.24666     -3.874939
   3.20623     -3.859793
   3.16581     -3.852274
   3.16581     -3.801490
   3.13355     -3.804983
   3.10130     -3.813671
   3.06904     -3.822440
   3.03678     -3.821596
   3.00453     -3.816515
   2.97227     -3.820782
   2.94002     -3.830466
   2.90776     -3.841123
   2.87550     -3.849789
   2.84325     -3.851994
   2.81099     -3.844540
   2.77873     -3.832910
   2.74648     -3.822169
   2.71422     -3.812111
   2.68197     -3.801624
   2.64971     -3.790953
   2.61745     -3.781251
   2.58520     -3.774246
   2.55294     -3.771664
   2.55294     -3.771664
   2.50617     -3.774377
   2.45939     -3.781288
   2.41262     -3.790328
   2.36584     -3.799307
   2.31907     -3.806355
   2.27229     -3.814117
   2.22552     -3.825454
   2.17874     -3.838094
   2.13197     -3.850543
   2.08519     -3.865159
   2.03842     -3.886778
   1.99164     -3.903510
   1.94487     -3.908368
   1.89809     -3.907174
   1.85132     -3.910083
   1.80454     -3.927609
   1.75777     -3.917137
   1.71099     -3.903020
   1.66421     -3.895387
   1.66421     -3.825605
   1.64290     -3.826316
   1.62158     -3.828345
   1.60026     -3.831397
   1.57895     -3.835024
   1.55763     -3.838613
   1.53631     -3.841211
   1.51499     -3.841401
   1.49368     -3.838454
   1.47236     -3.833144
   1.45104     -3.826426
   1.42973     -3.818877
   1.40841     -3.810845
   1.38709     -3.802596
   1.36577     -3.794439
   1.34446     -3.786848
   1.32314     -3.780392
   1.30182     -3.775548
   1.28051     -3.772623
   1.25919     -3.771664
   1.25919     -3.771664
   1.23470     -3.772740
   1.21022     -3.775863
   1.18574     -3.780667
   1.16125     -3.786559
   1.13677     -3.792879
   1.11228     -3.799021
   1.08780     -3.804433
   1.06332     -3.808557
   1.03883     -3.810852
   1.01435     -3.811055
   0.98986     -3.809416
   0.96538     -3.806595
   0.94090     -3.803414
   0.91641     -3.800723
   0.89193     -3.799357
   0.86744     -3.800134
   0.84296     -3.804076
   0.81848     -3.812481
   0.79399     -3.819216
   0.79399     -3.971442
   0.75220     -3.967392
   0.71041     -3.955991
   0.66862     -3.939892
   0.62684     -3.927484
   0.58505     -3.914631
   0.54326     -3.903551
   0.50147     -3.895122
   0.45968     -3.885810
   0.41789     -3.872555
   0.37610     -3.856199
   0.33431     -3.840951
   0.29252     -3.825512
   0.25073     -3.807973
   0.20895     -3.790567
   0.16716     -3.782734
   0.12537     -3.780206
   0.08358     -3.775605
   0.04179     -3.772586
   0.00000     -3.771664
 
# Band-Index   39
   0.00000     -3.752785
   0.04179     -3.753893
   0.08358     -3.757189
   0.12537     -3.763024
   0.16716     -3.771840
   0.20895     -3.773396
   0.25073     -3.778238
   0.29252     -3.797981
   0.33431     -3.820676
   0.37610     -3.839686
   0.41789     -3.852045
   0.45968     -3.861259
   0.50147     -3.870436
   0.54326     -3.881665
   0.58505     -3.896245
   0.62684     -3.913922
   0.66862     -3.923290
   0.71041     -3.921250
   0.75220     -3.918800
   0.79399     -3.917885
   0.79399     -3.790934
   0.81848     -3.788156
   0.84296     -3.779636
   0.86744     -3.768299
   0.89193     -3.758004
   0.91641     -3.750040
   0.94090     -3.744368
   0.96538     -3.740534
   0.98986     -3.738160
   1.01435     -3.737161
   1.03883     -3.737578
   1.06332     -3.739235
   1.08780     -3.741668
   1.11228     -3.744359
   1.13677     -3.746933
   1.16125     -3.749151
   1.18574     -3.750868
   1.21022     -3.752014
   1.23470     -3.752613
   1.25919     -3.752785
   1.25919     -3.752785
   1.28051     -3.752872
   1.30182     -3.753484
   1.32314     -3.755680
   1.34446     -3.760295
   1.36577     -3.766238
   1.38709     -3.771227
   1.40841     -3.773991
   1.42973     -3.774401
   1.45104     -3.772673
   1.47236     -3.769074
   1.49368     -3.763985
   1.51499     -3.758007
   1.53631     -3.751953
   1.55763     -3.746681
   1.57895     -3.742734
   1.60026     -3.740134
   1.62158     -3.738563
   1.64290     -3.737719
   1.66421     -3.737450
   1.66421     -3.860256
   1.71099     -3.875473
   1.75777     -3.893317
   1.80454     -3.900751
   1.85132     -3.902512
   1.89809     -3.871214
   1.94487     -3.840991
   1.99164     -3.835142
   2.03842     -3.841203
   2.08519     -3.840315
   2.13197     -3.821463
   2.17874     -3.795382
   2.22552     -3.797996
   2.27229     -3.795682
   2.31907     -3.784436
   2.36584     -3.773543
   2.41262     -3.765298
   2.45939     -3.758783
   2.50617     -3.754360
   2.55294     -3.752785
   2.55294     -3.752785
   2.58520     -3.753483
   2.61745     -3.755532
   2.64971     -3.758930
   2.68197     -3.763767
   2.71422     -3.769884
   2.74648     -3.775791
   2.77873     -3.777740
   2.81099     -3.772958
   2.84325     -3.763553
   2.87550     -3.756757
   2.90776     -3.759756
   2.94002     -3.765738
   2.97227     -3.773551
   3.00453     -3.781974
   3.03678     -3.784815
   3.06904     -3.783828
   3.10130     -3.782605
   3.13355     -3.781165
   3.16581     -3.780106
   3.16581     -3.828018
   3.20623     -3.826931
   3.24666     -3.827188
   3.28708     -3.831405
   3.32751     -3.839293
   3.36793     -3.848654
   3.40836     -3.856763
   3.44878     -3.854931
   3.48921     -3.835536
   3.52963     -3.813625
   3.57006     -3.794680
   3.61048     -3.780720
   3.65091     -3.779559
   3.69133     -3.785516
   3.73176     -3.780458
   3.77218     -3.770673
   3.81261     -3.762954
   3.85303     -3.757427
   3.89346     -3.753995
   3.93388     -3.752785
   3.93388     -3.752785
   3.98265     -3.754068
   4.03141     -3.758358
   4.08018     -3.766195
   4.12894     -3.776361
   4.17771     -3.786397
   4.22648     -3.797290
   4.27524     -3.810641
   4.32401     -3.823664
   4.37277     -3.831583
   4.42154     -3.835921
   4.47030     -3.840761
   4.51907     -3.845782
   4.56784     -3.848316
   4.61660     -3.846671
   4.66537     -3.842607
   4.71413     -3.838181
   4.76290     -3.834056
   4.81166     -3.830440
   4.86043     -3.828490
 
# Band-Index   40
   4.86043     -3.803959
   4.81166     -3.801044
   4.76290     -3.795773
   4.71413     -3.787816
   4.66537     -3.776053
   4.61660     -3.765233
   4.56784     -3.761325
   4.51907     -3.763647
   4.47030     -3.768580
   4.42154     -3.772570
   4.37277     -3.772234
   4.32401     -3.766081
   4.27524     -3.754408
   4.22648     -3.738815
   4.17771     -3.730310
   4.12894     -3.727436
   4.08018     -3.718570
   4.03141     -3.707720
   3.98265     -3.699579
   3.93388     -3.696681
   3.93388     -3.696681
   3.89346     -3.698992
   3.85303     -3.705468
   3.81261     -3.715494
   3.77218     -3.729408
   3.73176     -3.745849
   3.69133     -3.758954
   3.65091     -3.768294
   3.61048     -3.770858
   3.57006     -3.765791
   3.52963     -3.763673
   3.48921     -3.765538
   3.44878     -3.768394
   3.40836     -3.768934
   3.36793     -3.764471
   3.32751     -3.753774
   3.28708     -3.747128
   3.24666     -3.750760
   3.20623     -3.751755
   3.16581     -3.751353
   3.16581     -3.735555
   3.13355     -3.732773
   3.10130     -3.729793
   3.06904     -3.731782
   3.03678     -3.735416
   3.00453     -3.734669
   2.97227     -3.726489
   2.94002     -3.724890
   2.90776     -3.734355
   2.87550     -3.743550
   2.84325     -3.742913
   2.81099     -3.736967
   2.77873     -3.729182
   2.74648     -3.719442
   2.71422     -3.707932
   2.68197     -3.696757
   2.64971     -3.690355
   2.61745     -3.691113
   2.58520     -3.694849
   2.55294     -3.696681
   2.55294     -3.696681
   2.50617     -3.697113
   2.45939     -3.699177
   2.41262     -3.704236
   2.36584     -3.712814
   2.31907     -3.723965
   2.27229     -3.738112
   2.22552     -3.762507
   2.17874     -3.789194
   2.13197     -3.784732
   2.08519     -3.781573
   2.03842     -3.782300
   1.99164     -3.784504
   1.94487     -3.782914
   1.89809     -3.772862
   1.85132     -3.773905
   1.80454     -3.783902
   1.75777     -3.800284
   1.71099     -3.820446
   1.66421     -3.834988
   1.66421     -3.692265
   1.64290     -3.693170
   1.62158     -3.695720
   1.60026     -3.699390
   1.57895     -3.703312
   1.55763     -3.706522
   1.53631     -3.708401
   1.51499     -3.708911
   1.49368     -3.708372
   1.47236     -3.707167
   1.45104     -3.705612
   1.42973     -3.703933
   1.40841     -3.702241
   1.38709     -3.700507
   1.36577     -3.698588
   1.34446     -3.696624
   1.32314     -3.695595
   1.30182     -3.695829
   1.28051     -3.696421
   1.25919     -3.696681
   1.25919     -3.696681
   1.23470     -3.696640
   1.21022     -3.696542
   1.18574     -3.696488
   1.16125     -3.696603
   1.13677     -3.697018
   1.11228     -3.697815
   1.08780     -3.699002
   1.06332     -3.700481
   1.03883     -3.702147
   1.01435     -3.704100
   0.98986     -3.706676
   0.96538     -3.710060
   0.94090     -3.714017
   0.91641     -3.717950
   0.89193     -3.721164
   0.86744     -3.723204
   0.84296     -3.724054
   0.81848     -3.724129
   0.79399     -3.724052
   0.79399     -3.845068
   0.75220     -3.845295
   0.71041     -3.846130
   0.66862     -3.848799
   0.62684     -3.852374
   0.58505     -3.850665
   0.54326     -3.840873
   0.50147     -3.827477
   0.45968     -3.814243
   0.41789     -3.802311
   0.37610     -3.791517
   0.33431     -3.780905
   0.29252     -3.768975
   0.25073     -3.753205
   0.20895     -3.741191
   0.16716     -3.730457
   0.12537     -3.717652
   0.08358     -3.706690
   0.04179     -3.699305
   0.00000     -3.696681
 
# Band-Index   41
   0.00000     -3.653495
   0.04179     -3.653775
   0.08358     -3.654830
   0.12537     -3.666213
   0.16716     -3.697395
   0.20895     -3.727942
   0.25073     -3.733106
   0.29252     -3.709310
   0.33431     -3.683401
   0.37610     -3.664537
   0.41789     -3.656341
   0.45968     -3.659516
   0.50147     -3.674074
   0.54326     -3.693455
   0.58505     -3.719716
   0.62684     -3.747759
   0.66862     -3.765358
   0.71041     -3.771234
   0.75220     -3.776038
   0.79399     -3.779001
   0.79399     -3.677415
   0.81848     -3.675494
   0.84296     -3.670153
   0.86744     -3.662438
   0.89193     -3.653647
   0.91641     -3.645256
   0.94090     -3.640785
   0.96538     -3.646414
   0.98986     -3.654782
   1.01435     -3.661010
   1.03883     -3.664412
   1.06332     -3.665478
   1.08780     -3.665012
   1.11228     -3.663635
   1.13677     -3.661722
   1.16125     -3.659523
   1.18574     -3.657290
   1.21022     -3.655328
   1.23470     -3.653977
   1.25919     -3.653495
   1.25919     -3.653495
   1.28051     -3.654526
   1.30182     -3.658318
   1.32314     -3.664373
   1.34446     -3.668135
   1.36577     -3.667425
   1.38709     -3.664139
   1.40841     -3.660075
   1.42973     -3.655986
   1.45104     -3.652074
   1.47236     -3.648373
   1.49368     -3.644876
   1.51499     -3.641569
   1.53631     -3.638414
   1.55763     -3.635314
   1.57895     -3.632100
   1.60026     -3.628577
   1.62158     -3.624718
   1.64290     -3.621144
   1.66421     -3.619536
   1.66421     -3.767469
   1.71099     -3.758391
   1.75777     -3.739757
   1.80454     -3.746578
   1.85132     -3.759501
   1.89809     -3.768254
   1.94487     -3.762220
   1.99164     -3.750778
   2.03842     -3.743455
   2.08519     -3.742781
   2.13197     -3.742615
   2.17874     -3.739266
   2.22552     -3.732098
   2.27229     -3.716633
   2.31907     -3.688572
   2.36584     -3.655486
   2.41262     -3.641520
   2.45939     -3.647014
   2.50617     -3.651775
   2.55294     -3.653495
   2.55294     -3.653495
   2.58520     -3.652443
   2.61745     -3.649813
   2.64971     -3.647400
   2.68197     -3.645280
   2.71422     -3.641707
   2.74648     -3.637462
   2.77873     -3.633247
   2.81099     -3.629536
   2.84325     -3.627989
   2.87550     -3.638681
   2.90776     -3.666506
   2.94002     -3.693468
   2.97227     -3.703449
   3.00453     -3.697418
   3.03678     -3.691330
   3.06904     -3.688444
   3.10130     -3.688057
   3.13355     -3.687307
   3.16581     -3.686593
   3.16581     -3.678008
   3.20623     -3.688851
   3.24666     -3.704265
   3.28708     -3.722256
   3.32751     -3.723572
   3.36793     -3.712684
   3.40836     -3.712480
   3.44878     -3.719215
   3.48921     -3.726750
   3.52963     -3.731639
   3.57006     -3.731525
   3.61048     -3.727933
   3.65091     -3.723023
   3.69133     -3.716345
   3.73176     -3.705596
   3.77218     -3.687512
   3.81261     -3.667009
   3.85303     -3.657112
   3.89346     -3.654140
   3.93388     -3.653495
   3.93388     -3.653495
   3.98265     -3.654643
   4.03141     -3.659474
   4.08018     -3.672306
   4.12894     -3.692338
   4.17771     -3.712298
   4.22648     -3.714203
   4.27524     -3.701340
   4.32401     -3.700369
   4.37277     -3.712247
   4.42154     -3.723979
   4.47030     -3.729245
   4.51907     -3.728723
   4.56784     -3.729189
   4.61660     -3.734884
   4.66537     -3.741442
   4.71413     -3.746935
   4.76290     -3.751900
   4.81166     -3.755412
   4.86043     -3.756491
 
# Band-Index   42
   4.86043     -3.714541
   4.81166     -3.713677
   4.76290     -3.711419
   4.71413     -3.709173
   4.66537     -3.707969
   4.61660     -3.706990
   4.56784     -3.703695
   4.51907     -3.695301
   4.47030     -3.682224
   4.42154     -3.667909
   4.37277     -3.657939
   4.32401     -3.657835
   4.27524     -3.659181
   4.22648     -3.654242
   4.17771     -3.649089
   4.12894     -3.644600
   4.08018     -3.638447
   4.03141     -3.627133
   3.98265     -3.615172
   3.93388     -3.610563
   3.93388     -3.610563
   3.89346     -3.610721
   3.85303     -3.611272
   3.81261     -3.612241
   3.77218     -3.624743
   3.73176     -3.630916
   3.69133     -3.632160
   3.65091     -3.629769
   3.61048     -3.623844
   3.57006     -3.616410
   3.52963     -3.615832
   3.48921     -3.631813
   3.44878     -3.654490
   3.40836     -3.676786
   3.36793     -3.691649
   3.32751     -3.692115
   3.28708     -3.686077
   3.24666     -3.670562
   3.20623     -3.654082
   3.16581     -3.657790
   3.16581     -3.613696
   3.13355     -3.613138
   3.10130     -3.611596
   3.06904     -3.609167
   3.03678     -3.606458
   3.00453     -3.604726
   2.97227     -3.604679
   2.94002     -3.606146
   2.90776     -3.608117
   2.87550     -3.606537
   2.84325     -3.589600
   2.81099     -3.580777
   2.77873     -3.587933
   2.74648     -3.598946
   2.71422     -3.611026
   2.68197     -3.621864
   2.64971     -3.627537
   2.61745     -3.623683
   2.58520     -3.614966
   2.55294     -3.610563
   2.55294     -3.610563
   2.50617     -3.610663
   2.45939     -3.610813
   2.41262     -3.611964
   2.36584     -3.628711
   2.31907     -3.628607
   2.27229     -3.629514
   2.22552     -3.632209
   2.17874     -3.636135
   2.13197     -3.641422
   2.08519     -3.649582
   2.03842     -3.662146
   1.99164     -3.676752
   1.94487     -3.687726
   1.89809     -3.695523
   1.85132     -3.704768
   1.80454     -3.718958
   1.75777     -3.729885
   1.71099     -3.712601
   1.66421     -3.699265
   1.66421     -3.572889
   1.64290     -3.569172
   1.62158     -3.559557
   1.60026     -3.546612
   1.57895     -3.532418
   1.55763     -3.519072
   1.53631     -3.509519
   1.51499     -3.507913
   1.49368     -3.516699
   1.47236     -3.532991
   1.45104     -3.552269
   1.42973     -3.571533
   1.40841     -3.589063
   1.38709     -3.603765
   1.36577     -3.614915
   1.34446     -3.622070
   1.32314     -3.624679
   1.30182     -3.621692
   1.28051     -3.614562
   1.25919     -3.610563
   1.25919     -3.610563
   1.23470     -3.609768
   1.21022     -3.607427
   1.18574     -3.603737
   1.16125     -3.599099
   1.13677     -3.594077
   1.11228     -3.589402
   1.08780     -3.586286
   1.06332     -3.587199
   1.03883     -3.593851
   1.01435     -3.603071
   0.98986     -3.612124
   0.96538     -3.619860
   0.94090     -3.622187
   0.91641     -3.612758
   0.89193     -3.598533
   0.86744     -3.583482
   0.84296     -3.569709
   0.81848     -3.560659
   0.79399     -3.558129
   0.79399     -3.747631
   0.75220     -3.749728
   0.71041     -3.748243
   0.66862     -3.733888
   0.62684     -3.712625
   0.58505     -3.693226
   0.54326     -3.677678
   0.50147     -3.658363
   0.45968     -3.638421
   0.41789     -3.614478
   0.37610     -3.593205
   0.33431     -3.598340
   0.29252     -3.616427
   0.25073     -3.630666
   0.20895     -3.640887
   0.16716     -3.647224
   0.12537     -3.648452
   0.08358     -3.632284
   0.04179     -3.615820
   0.00000     -3.610563
 
# Band-Index   43
   0.00000     -3.492555
   0.04179     -3.499861
   0.08358     -3.511730
   0.12537     -3.517774
   0.16716     -3.518238
   0.20895     -3.517032
   0.25073     -3.519455
   0.29252     -3.531746
   0.33431     -3.550393
   0.37610     -3.551710
   0.41789     -3.525354
   0.45968     -3.558836
   0.50147     -3.601549
   0.54326     -3.643416
   0.58505     -3.674171
   0.62684     -3.682719
   0.66862     -3.678125
   0.71041     -3.670788
   0.75220     -3.665153
   0.79399     -3.663202
   0.79399     -3.532472
   0.81848     -3.539750
   0.84296     -3.545593
   0.86744     -3.547815
   0.89193     -3.549066
   0.91641     -3.550356
   0.94090     -3.551978
   0.96538     -3.553987
   0.98986     -3.556294
   1.01435     -3.558561
   1.03883     -3.559709
   1.06332     -3.556681
   1.08780     -3.546283
   1.11228     -3.530792
   1.13677     -3.514045
   1.16125     -3.499681
   1.18574     -3.491336
   1.21022     -3.489816
   1.23470     -3.491521
   1.25919     -3.492555
   1.25919     -3.492555
   1.28051     -3.487352
   1.30182     -3.475555
   1.32314     -3.463478
   1.34446     -3.454705
   1.36577     -3.449783
   1.38709     -3.447810
   1.40841     -3.447757
   1.42973     -3.448881
   1.45104     -3.450717
   1.47236     -3.452935
   1.49368     -3.455026
   1.51499     -3.455856
   1.53631     -3.454750
   1.55763     -3.452937
   1.57895     -3.451288
   1.60026     -3.449781
   1.62158     -3.448318
   1.64290     -3.447061
   1.66421     -3.446512
   1.66421     -3.677832
   1.71099     -3.665934
   1.75777     -3.648621
   1.80454     -3.633282
   1.85132     -3.619688
   1.89809     -3.602864
   1.94487     -3.584249
   1.99164     -3.568548
   2.03842     -3.560738
   2.08519     -3.563777
   2.13197     -3.572275
   2.17874     -3.581522
   2.22552     -3.589027
   2.27229     -3.593634
   2.31907     -3.598143
   2.36584     -3.604568
   2.41262     -3.602689
   2.45939     -3.558417
   2.50617     -3.514073
   2.55294     -3.492555
   2.55294     -3.492555
   2.58520     -3.486108
   2.61745     -3.472206
   2.64971     -3.461952
   2.68197     -3.462836
   2.71422     -3.473016
   2.74648     -3.489738
   2.77873     -3.513372
   2.81099     -3.541491
   2.84325     -3.557346
   2.87550     -3.555225
   2.90776     -3.551119
   2.94002     -3.548072
   2.97227     -3.546860
   3.00453     -3.548176
   3.03678     -3.552675
   3.06904     -3.559236
   3.10130     -3.564392
   3.13355     -3.566477
   3.16581     -3.566763
   3.16581     -3.550953
   3.20623     -3.570888
   3.24666     -3.564386
   3.28708     -3.546662
   3.32751     -3.545809
   3.36793     -3.551271
   3.40836     -3.555675
   3.44878     -3.561936
   3.48921     -3.571852
   3.52963     -3.577004
   3.57006     -3.570044
   3.61048     -3.576205
   3.65091     -3.590066
   3.69133     -3.601650
   3.73176     -3.608790
   3.77218     -3.611609
   3.81261     -3.604149
   3.85303     -3.563287
   3.89346     -3.516799
   3.93388     -3.492555
   3.93388     -3.492555
   3.98265     -3.501005
   4.03141     -3.514934
   4.08018     -3.524978
   4.12894     -3.533705
   4.17771     -3.545786
   4.22648     -3.562444
   4.27524     -3.580660
   4.32401     -3.595571
   4.37277     -3.603952
   4.42154     -3.608855
   4.47030     -3.615035
   4.51907     -3.622208
   4.56784     -3.626072
   4.61660     -3.623378
   4.66537     -3.618887
   4.71413     -3.618610
   4.76290     -3.621533
   4.81166     -3.623175
   4.86043     -3.622743
 
# Band-Index   44
   4.86043     -3.551862
   4.81166     -3.551218
   4.76290     -3.548713
   4.71413     -3.544085
   4.66537     -3.536705
   4.61660     -3.525778
   4.56784     -3.511043
   4.51907     -3.494518
   4.47030     -3.482764
   4.42154     -3.482962
   4.37277     -3.491296
   4.32401     -3.495806
   4.27524     -3.491283
   4.22648     -3.479883
   4.17771     -3.464324
   4.12894     -3.445980
   4.08018     -3.426101
   4.03141     -3.406740
   3.98265     -3.391489
   3.93388     -3.385599
   3.93388     -3.385599
   3.89346     -3.388647
   3.85303     -3.399627
   3.81261     -3.416235
   3.77218     -3.436488
   3.73176     -3.459076
   3.69133     -3.483106
   3.65091     -3.507722
   3.61048     -3.531161
   3.57006     -3.544390
   3.52963     -3.538199
   3.48921     -3.532089
   3.44878     -3.528674
   3.40836     -3.521219
   3.36793     -3.508993
   3.32751     -3.497627
   3.28708     -3.499116
   3.24666     -3.500382
   3.20623     -3.497291
   3.16581     -3.504088
   3.16581     -3.543500
   3.13355     -3.541746
   3.10130     -3.537259
   3.06904     -3.530636
   3.03678     -3.520556
   3.00453     -3.505463
   2.97227     -3.486868
   2.94002     -3.467529
   2.90776     -3.449261
   2.87550     -3.432872
   2.84325     -3.418567
   2.81099     -3.407434
   2.77873     -3.403958
   2.74648     -3.402599
   2.71422     -3.400236
   2.68197     -3.397660
   2.64971     -3.394246
   2.61745     -3.389394
   2.58520     -3.386242
   2.55294     -3.385599
   2.55294     -3.385599
   2.50617     -3.391006
   2.45939     -3.413640
   2.41262     -3.445338
   2.36584     -3.477814
   2.31907     -3.501400
   2.27229     -3.509112
   2.22552     -3.506267
   2.17874     -3.503090
   2.13197     -3.504722
   2.08519     -3.511253
   2.03842     -3.517673
   1.99164     -3.518647
   1.94487     -3.521641
   1.89809     -3.535349
   1.85132     -3.558293
   1.80454     -3.583035
   1.75777     -3.601629
   1.71099     -3.613262
   1.66421     -3.618032
   1.66421     -3.435755
   1.64290     -3.434856
   1.62158     -3.432578
   1.60026     -3.429518
   1.57895     -3.426005
   1.55763     -3.422197
   1.53631     -3.418163
   1.51499     -3.413981
   1.49368     -3.409849
   1.47236     -3.405983
   1.45104     -3.402412
   1.42973     -3.399106
   1.40841     -3.396064
   1.38709     -3.393313
   1.36577     -3.390899
   1.34446     -3.388875
   1.32314     -3.387310
   1.30182     -3.386267
   1.28051     -3.385740
   1.25919     -3.385599
   1.25919     -3.385599
   1.23470     -3.387421
   1.21022     -3.391882
   1.18574     -3.394757
   1.16125     -3.392950
   1.13677     -3.391357
   1.11228     -3.393222
   1.08780     -3.397339
   1.06332     -3.403179
   1.03883     -3.410828
   1.01435     -3.420489
   0.98986     -3.431979
   0.96538     -3.444378
   0.94090     -3.456552
   0.91641     -3.467884
   0.89193     -3.478527
   0.86744     -3.489324
   0.84296     -3.501042
   0.81848     -3.513427
   0.79399     -3.522426
   0.79399     -3.546762
   0.75220     -3.541555
   0.71041     -3.527256
   0.66862     -3.507265
   0.62684     -3.485794
   0.58505     -3.467644
   0.54326     -3.459024
   0.50147     -3.466277
   0.45968     -3.489690
   0.41789     -3.520332
   0.37610     -3.500750
   0.33431     -3.490076
   0.29252     -3.484940
   0.25073     -3.475788
   0.20895     -3.458344
   0.16716     -3.437507
   0.12537     -3.417220
   0.08358     -3.400068
   0.04179     -3.388794
   0.00000     -3.385599
 
# Band-Index   45
   0.00000     -3.369574
   0.04179     -3.360940
   0.08358     -3.341869
   0.12537     -3.324305
   0.16716     -3.313009
   0.20895     -3.308243
   0.25073     -3.309033
   0.29252     -3.313893
   0.33431     -3.320166
   0.37610     -3.323518
   0.41789     -3.319966
   0.45968     -3.309336
   0.50147     -3.292724
   0.54326     -3.268329
   0.58505     -3.243923
   0.62684     -3.255333
   0.66862     -3.283774
   0.71041     -3.308563
   0.75220     -3.325251
   0.79399     -3.331186
   0.79399     -3.463157
   0.81848     -3.462836
   0.84296     -3.460935
   0.86744     -3.455930
   0.89193     -3.447430
   0.91641     -3.436473
   0.94090     -3.424341
   0.96538     -3.411534
   0.98986     -3.397622
   1.01435     -3.381627
   1.03883     -3.363150
   1.06332     -3.344360
   1.08780     -3.334633
   1.11228     -3.344218
   1.13677     -3.360704
   1.16125     -3.371206
   1.18574     -3.373640
   1.21022     -3.372722
   1.23470     -3.370737
   1.25919     -3.369574
   1.25919     -3.369574
   1.28051     -3.367743
   1.30182     -3.361774
   1.32314     -3.350900
   1.34446     -3.335464
   1.36577     -3.317849
   1.38709     -3.303558
   1.40841     -3.302556
   1.42973     -3.313459
   1.45104     -3.327489
   1.47236     -3.340034
   1.49368     -3.347249
   1.51499     -3.345067
   1.53631     -3.331210
   1.55763     -3.307348
   1.57895     -3.277711
   1.60026     -3.246766
   1.62158     -3.218321
   1.64290     -3.195802
   1.66421     -3.185735
   1.66421     -3.360420
   1.71099     -3.361056
   1.75777     -3.364902
   1.80454     -3.369154
   1.85132     -3.367861
   1.89809     -3.358577
   1.94487     -3.342724
   1.99164     -3.320049
   2.03842     -3.291442
   2.08519     -3.263171
   2.13197     -3.241700
   2.17874     -3.230419
   2.22552     -3.228778
   2.27229     -3.234616
   2.31907     -3.248358
   2.36584     -3.270816
   2.41262     -3.298432
   2.45939     -3.328542
   2.50617     -3.357370
   2.55294     -3.369574
   2.55294     -3.369574
   2.58520     -3.370947
   2.61745     -3.370870
   2.64971     -3.362530
   2.68197     -3.344724
   2.71422     -3.333569
   2.74648     -3.354502
   2.77873     -3.376624
   2.81099     -3.385090
   2.84325     -3.375532
   2.87550     -3.355795
   2.90776     -3.329808
   2.94002     -3.299856
   2.97227     -3.268093
   3.00453     -3.236754
   3.03678     -3.208508
   3.06904     -3.189127
   3.10130     -3.186062
   3.13355     -3.187775
   3.16581     -3.188588
   3.16581     -3.471810
   3.20623     -3.463541
   3.24666     -3.467789
   3.28708     -3.474146
   3.32751     -3.463103
   3.36793     -3.434174
   3.40836     -3.406543
   3.44878     -3.381404
   3.48921     -3.353358
   3.52963     -3.320732
   3.57006     -3.290761
   3.61048     -3.269441
   3.65091     -3.256728
   3.69133     -3.251331
   3.73176     -3.253289
   3.77218     -3.264260
   3.81261     -3.285815
   3.85303     -3.316638
   3.89346     -3.351038
   3.93388     -3.369574
   3.93388     -3.369574
   3.98265     -3.355122
   4.03141     -3.321786
   4.08018     -3.281270
   4.12894     -3.239699
   4.17771     -3.210793
   4.22648     -3.209504
   4.27524     -3.222387
   4.32401     -3.239916
   4.37277     -3.257521
   4.42154     -3.269385
   4.47030     -3.273991
   4.51907     -3.298088
   4.56784     -3.345944
   4.61660     -3.390607
   4.66537     -3.421670
   4.71413     -3.437009
   4.76290     -3.451377
   4.81166     -3.511425
   4.86043     -3.538588
 
# Band-Index   46
   4.86043     -3.434611
   4.81166     -3.435281
   4.76290     -3.429605
   4.71413     -3.356910
   4.66537     -3.277591
   4.61660     -3.223326
   4.56784     -3.205481
   4.51907     -3.208621
   4.47030     -3.189905
   4.42154     -3.143592
   4.37277     -3.103280
   4.32401     -3.081874
   4.27524     -3.079488
   4.22648     -3.102470
   4.17771     -3.144806
   4.12894     -3.168513
   4.08018     -3.184905
   4.03141     -3.201881
   3.98265     -3.216052
   3.93388     -3.221815
   3.93388     -3.221815
   3.89346     -3.219902
   3.85303     -3.214194
   3.81261     -3.204406
   3.77218     -3.189376
   3.73176     -3.168742
   3.69133     -3.145454
   3.65091     -3.125564
   3.61048     -3.119533
   3.57006     -3.138662
   3.52963     -3.174844
   3.48921     -3.208248
   3.44878     -3.231803
   3.40836     -3.244697
   3.36793     -3.246505
   3.32751     -3.238722
   3.28708     -3.253727
   3.24666     -3.343624
   3.20623     -3.424049
   3.16581     -3.452999
   3.16581     -3.139669
   3.13355     -3.143694
   3.10130     -3.154722
   3.06904     -3.166202
   3.03678     -3.165462
   3.00453     -3.158739
   2.97227     -3.150552
   2.94002     -3.142252
   2.90776     -3.134714
   2.87550     -3.129374
   2.84325     -3.148978
   2.81099     -3.188352
   2.77873     -3.227295
   2.74648     -3.263241
   2.71422     -3.285763
   2.68197     -3.268203
   2.64971     -3.241663
   2.61745     -3.226828
   2.58520     -3.222366
   2.55294     -3.221815
   2.55294     -3.221815
   2.50617     -3.218340
   2.45939     -3.212022
   2.41262     -3.208444
   2.36584     -3.206354
   2.31907     -3.198869
   2.27229     -3.179668
   2.22552     -3.150616
   2.17874     -3.117825
   2.13197     -3.099066
   2.08519     -3.140568
   2.03842     -3.203495
   1.99164     -3.259360
   1.94487     -3.295957
   1.89809     -3.307207
   1.85132     -3.301244
   1.80454     -3.294751
   1.75777     -3.296400
   1.71099     -3.301346
   1.66421     -3.302847
   1.66421     -3.141455
   1.64290     -3.134993
   1.62158     -3.123388
   1.60026     -3.113643
   1.57895     -3.111706
   1.55763     -3.123045
   1.53631     -3.141095
   1.51499     -3.160161
   1.49368     -3.179163
   1.47236     -3.198170
   1.45104     -3.217276
   1.42973     -3.236034
   1.40841     -3.251955
   1.38709     -3.257306
   1.36577     -3.250764
   1.34446     -3.241377
   1.32314     -3.233044
   1.30182     -3.226838
   1.28051     -3.223074
   1.25919     -3.221815
   1.25919     -3.221815
   1.23470     -3.219190
   1.21022     -3.212735
   1.18574     -3.205620
   1.16125     -3.202077
   1.13677     -3.214548
   1.11228     -3.243416
   1.08780     -3.260573
   1.06332     -3.257712
   1.03883     -3.257010
   1.01435     -3.268705
   0.98986     -3.287432
   0.96538     -3.309325
   0.94090     -3.332222
   0.91641     -3.354585
   0.89193     -3.375230
   0.86744     -3.393236
   0.84296     -3.407742
   0.81848     -3.417578
   0.79399     -3.421160
   0.79399     -3.080415
   0.75220     -3.086359
   0.71041     -3.104087
   0.66862     -3.132636
   0.62684     -3.166828
   0.58505     -3.181124
   0.54326     -3.153738
   0.50147     -3.135224
   0.45968     -3.127942
   0.41789     -3.111465
   0.37610     -3.089274
   0.33431     -3.073390
   0.29252     -3.073923
   0.25073     -3.091586
   0.20895     -3.119812
   0.16716     -3.151516
   0.12537     -3.180992
   0.08358     -3.203738
   0.04179     -3.217380
   0.00000     -3.221815
 
# Band-Index   47
   0.00000     -2.941868
   0.04179     -2.934838
   0.08358     -2.915215
   0.12537     -2.886833
   0.16716     -2.855214
   0.20895     -2.829480
   0.25073     -2.817985
   0.29252     -2.812040
   0.33431     -2.806310
   0.37610     -2.836636
   0.41789     -2.901908
   0.45968     -2.975720
   0.50147     -3.037830
   0.54326     -3.057949
   0.58505     -3.031556
   0.62684     -2.983027
   0.66862     -2.920019
   0.71041     -2.847988
   0.75220     -2.780424
   0.79399     -2.745419
   0.79399     -2.672421
   0.81848     -2.700219
   0.84296     -2.753492
   0.86744     -2.811871
   0.89193     -2.870775
   0.91641     -2.928697
   0.94090     -2.984803
   0.96538     -3.038354
   0.98986     -3.088399
   1.01435     -3.133218
   1.03883     -3.168771
   1.06332     -3.187360
   1.08780     -3.189689
   1.11228     -3.186843
   1.13677     -3.180625
   1.16125     -3.151686
   1.18574     -3.102233
   1.21022     -3.044325
   1.23470     -2.982717
   1.25919     -2.941868
   1.25919     -2.941868
   1.28051     -2.942827
   1.30182     -2.945711
   1.32314     -2.950508
   1.34446     -2.957100
   1.36577     -2.965253
   1.38709     -2.974656
   1.40841     -2.984987
   1.42973     -2.995958
   1.45104     -3.007325
   1.47236     -3.018886
   1.49368     -3.030441
   1.51499     -3.041701
   1.53631     -3.052001
   1.55763     -3.059178
   1.57895     -3.056055
   1.60026     -3.034359
   1.62158     -2.998273
   1.64290     -2.954345
   1.66421     -2.923755
   1.66421     -3.097601
   1.71099     -3.085716
   1.75777     -3.059896
   1.80454     -3.037838
   1.85132     -3.012598
   1.89809     -2.988891
   1.94487     -2.976500
   1.99164     -2.980840
   2.03842     -3.000089
   2.08519     -3.027735
   2.13197     -3.045260
   2.17874     -3.024089
   2.22552     -3.009376
   2.27229     -3.008396
   2.31907     -3.015424
   2.36584     -3.024246
   2.41262     -3.026875
   2.45939     -3.013343
   2.50617     -2.977597
   2.55294     -2.941868
   2.55294     -2.941868
   2.58520     -2.983708
   2.61745     -3.039967
   2.64971     -3.080975
   2.68197     -3.102510
   2.71422     -3.110896
   2.74648     -3.113867
   2.77873     -3.115580
   2.81099     -3.117743
   2.84325     -3.120396
   2.87550     -3.104176
   2.90776     -3.064123
   2.94002     -3.022940
   2.97227     -2.981995
   3.00453     -2.942261
   3.03678     -2.905174
   3.06904     -2.872699
   3.10130     -2.847133
   3.13355     -2.830697
   3.16581     -2.825017
   3.16581     -3.094032
   3.20623     -3.139990
   3.24666     -3.181473
   3.28708     -3.205354
   3.32751     -3.134840
   3.36793     -3.025139
   3.40836     -2.910545
   3.44878     -2.797780
   3.48921     -2.767988
   3.52963     -2.802459
   3.57006     -2.808524
   3.61048     -2.766369
   3.65091     -2.689232
   3.69133     -2.666290
   3.73176     -2.727750
   3.77218     -2.793763
   3.81261     -2.852968
   3.85303     -2.900276
   3.89346     -2.931112
   3.93388     -2.941868
   3.93388     -2.941868
   3.98265     -2.972412
   4.03141     -3.014517
   4.08018     -3.048072
   4.12894     -3.069585
   4.17771     -3.076046
   4.22648     -3.066807
   4.27524     -3.023871
   4.32401     -2.962646
   4.37277     -2.908729
   4.42154     -2.872624
   4.47030     -2.853901
   4.51907     -2.849185
   4.56784     -2.863697
   4.61660     -2.895862
   4.66537     -2.923377
   4.71413     -2.935715
   4.76290     -2.935039
   4.81166     -2.924723
   4.86043     -2.915353
 
# Band-Index   48
   4.86043     -2.851260
   4.81166     -2.826477
   4.76290     -2.770750
   4.71413     -2.698074
   4.66537     -2.627305
   4.61660     -2.624928
   4.56784     -2.648282
   4.51907     -2.640419
   4.47030     -2.628705
   4.42154     -2.628858
   4.37277     -2.618737
   4.32401     -2.578569
   4.27524     -2.513098
   4.22648     -2.448392
   4.17771     -2.439223
   4.12894     -2.509342
   4.08018     -2.610715
   4.03141     -2.713679
   3.98265     -2.802651
   3.93388     -2.849793
   3.93388     -2.849793
   3.89346     -2.840514
   3.85303     -2.813545
   3.81261     -2.771546
   3.77218     -2.719057
   3.73176     -2.663755
   3.69133     -2.622967
   3.65091     -2.576266
   3.61048     -2.520978
   3.57006     -2.508566
   3.52963     -2.570826
   3.48921     -2.669207
   3.44878     -2.699406
   3.40836     -2.658210
   3.36793     -2.700576
   3.32751     -2.782763
   3.28708     -2.866448
   3.24666     -2.946243
   3.20623     -3.019513
   3.16581     -3.076244
   3.16581     -2.670207
   3.13355     -2.665843
   3.10130     -2.653107
   3.06904     -2.632926
   3.03678     -2.606542
   3.00453     -2.575324
   2.97227     -2.540685
   2.94002     -2.504124
   2.90776     -2.467287
   2.87550     -2.432093
   2.84325     -2.401044
   2.81099     -2.377999
   2.77873     -2.369930
   2.74648     -2.388380
   2.71422     -2.441845
   2.68197     -2.522698
   2.64971     -2.615924
   2.61745     -2.710506
   2.58520     -2.797850
   2.55294     -2.849793
   2.55294     -2.849793
   2.50617     -2.786486
   2.45939     -2.670332
   2.41262     -2.532523
   2.36584     -2.391343
   2.31907     -2.366672
   2.27229     -2.475426
   2.22552     -2.591943
   2.17874     -2.693393
   2.13197     -2.767132
   2.08519     -2.811755
   2.03842     -2.838336
   1.99164     -2.858595
   1.94487     -2.880774
   1.89809     -2.911672
   1.85132     -2.953283
   1.80454     -2.999705
   1.75777     -3.038669
   1.71099     -3.053105
   1.66421     -3.055490
   1.66421     -2.848609
   1.64290     -2.811641
   1.62158     -2.748677
   1.60026     -2.681103
   1.57895     -2.614517
   1.55763     -2.555620
   1.53631     -2.519801
   1.51499     -2.527256
   1.49368     -2.564700
   1.47236     -2.610529
   1.45104     -2.656357
   1.42973     -2.699073
   1.40841     -2.737163
   1.38709     -2.769778
   1.36577     -2.796489
   1.34446     -2.817246
   1.32314     -2.832351
   1.30182     -2.842370
   1.28051     -2.847994
   1.25919     -2.849793
   1.25919     -2.849793
   1.23470     -2.803141
   1.21022     -2.724357
   1.18574     -2.638446
   1.16125     -2.549898
   1.13677     -2.461620
   1.11228     -2.376806
   1.08780     -2.299413
   1.06332     -2.234387
   1.03883     -2.187751
   1.01435     -2.165738
   0.98986     -2.170754
   0.96538     -2.198257
   0.94090     -2.240854
   0.91641     -2.292607
   0.89193     -2.349607
   0.86744     -2.409132
   0.84296     -2.468566
   0.81848     -2.522697
   0.79399     -2.550815
   0.79399     -2.725110
   0.75220     -2.714153
   0.71041     -2.695709
   0.66862     -2.667457
   0.62684     -2.628035
   0.58505     -2.579884
   0.54326     -2.565931
   0.50147     -2.616688
   0.45968     -2.672540
   0.41789     -2.722716
   0.37610     -2.761911
   0.33431     -2.777132
   0.29252     -2.773342
   0.25073     -2.785329
   0.20895     -2.805571
   0.16716     -2.820758
   0.12537     -2.832185
   0.08358     -2.841488
   0.04179     -2.847644
   0.00000     -2.849793
 
# Band-Index   49
   0.00000     -2.043526
   0.04179     -2.043698
   0.08358     -2.046352
   0.12537     -2.058733
   0.16716     -2.092812
   0.20895     -2.154600
   0.25073     -2.236454
   0.29252     -2.323272
   0.33431     -2.396150
   0.37610     -2.440839
   0.41789     -2.457913
   0.45968     -2.457892
   0.50147     -2.451650
   0.54326     -2.487700
   0.58505     -2.483752
   0.62684     -2.446887
   0.66862     -2.422115
   0.71041     -2.407806
   0.75220     -2.404996
   0.79399     -2.411780
   0.79399     -1.429161
   0.81848     -1.456414
   0.84296     -1.508651
   0.86744     -1.568567
   0.89193     -1.631304
   0.91641     -1.694123
   0.94090     -1.754821
   0.96538     -1.811215
   0.98986     -1.860962
   1.01435     -1.902490
   1.03883     -1.937457
   1.06332     -1.969491
   1.08780     -1.998718
   1.11228     -2.022517
   1.13677     -2.039043
   1.16125     -2.048055
   1.18574     -2.050561
   1.21022     -2.048604
   1.23470     -2.045180
   1.25919     -2.043526
   1.25919     -2.043526
   1.28051     -2.045079
   1.30182     -2.049764
   1.32314     -2.057690
   1.34446     -2.069096
   1.36577     -2.084406
   1.38709     -2.104231
   1.40841     -2.129297
   1.42973     -2.160271
   1.45104     -2.197448
   1.47236     -2.240220
   1.49368     -2.285908
   1.51499     -2.325990
   1.53631     -2.338242
   1.55763     -2.308434
   1.57895     -2.255636
   1.60026     -2.194074
   1.62158     -2.129339
   1.64290     -2.066181
   1.66421     -2.027429
   1.66421     -2.558638
   1.71099     -2.569187
   1.75777     -2.595287
   1.80454     -2.624704
   1.85132     -2.645155
   1.89809     -2.645852
   1.94487     -2.619057
   1.99164     -2.565964
   2.03842     -2.495177
   2.08519     -2.415040
   2.13197     -2.330155
   2.17874     -2.241069
   2.22552     -2.148532
   2.27229     -2.082316
   2.31907     -2.177022
   2.36584     -2.194714
   2.41262     -2.114566
   2.45939     -2.063530
   2.50617     -2.046548
   2.55294     -2.043526
   2.55294     -2.043526
   2.58520     -2.049293
   2.61745     -2.063145
   2.64971     -2.078579
   2.68197     -2.088968
   2.71422     -2.085371
   2.74648     -2.055599
   2.77873     -1.995271
   2.81099     -1.916333
   2.84325     -1.833954
   2.87550     -1.759132
   2.90776     -1.700249
   2.94002     -1.661203
   2.97227     -1.634331
   3.00453     -1.609522
   3.03678     -1.582910
   3.06904     -1.554481
   3.10130     -1.526264
   3.13355     -1.502590
   3.16581     -1.492176
   3.16581     -2.065631
   3.20623     -2.117185
   3.24666     -2.220843
   3.28708     -2.326430
   3.32751     -2.426005
   3.36793     -2.511738
   3.40836     -2.543138
   3.44878     -2.471784
   3.48921     -2.374490
   3.52963     -2.296661
   3.57006     -2.347589
   3.61048     -2.394082
   3.65091     -2.436148
   3.69133     -2.418048
   3.73176     -2.309350
   3.77218     -2.174817
   3.81261     -2.052458
   3.85303     -2.036141
   3.89346     -2.041468
   3.93388     -2.043526
   3.93388     -2.043526
   3.98265     -2.045787
   4.03141     -2.057362
   4.08018     -2.089630
   4.12894     -2.143788
   4.17771     -2.192349
   4.22648     -2.186182
   4.27524     -2.165107
   4.32401     -2.208176
   4.37277     -2.264139
   4.42154     -2.314812
   4.47030     -2.356636
   4.51907     -2.376034
   4.56784     -2.392184
   4.61660     -2.454439
   4.66537     -2.467785
   4.71413     -2.374695
   4.76290     -2.247338
   4.81166     -2.122113
   4.86043     -2.059410
 
# Band-Index   50
   4.86043     -1.822446
   4.81166     -1.872393
   4.76290     -1.963091
   4.71413     -2.059723
   4.66537     -2.150389
   4.61660     -2.223729
   4.56784     -2.251921
   4.51907     -2.202880
   4.47030     -2.142052
   4.42154     -2.096062
   4.37277     -2.061071
   4.32401     -2.060670
   4.27524     -2.075831
   4.22648     -2.028967
   4.17771     -1.957996
   4.12894     -1.905097
   4.08018     -1.883721
   4.03141     -1.868645
   3.98265     -1.852146
   3.93388     -1.844889
   3.93388     -1.844889
   3.89346     -1.869111
   3.85303     -1.937728
   3.81261     -2.017800
   3.77218     -2.014980
   3.73176     -2.011918
   3.69133     -2.026796
   3.65091     -2.094817
   3.61048     -2.179483
   3.57006     -2.219893
   3.52963     -2.270748
   3.48921     -2.230278
   3.44878     -2.171031
   3.40836     -2.122593
   3.36793     -2.092353
   3.32751     -2.079248
   3.28708     -2.073359
   3.24666     -2.066659
   3.20623     -2.056568
   3.16581     -2.026684
   3.16581     -1.457976
   3.13355     -1.460605
   3.10130     -1.470739
   3.06904     -1.486860
   3.03678     -1.506169
   3.00453     -1.528199
   2.97227     -1.553774
   2.94002     -1.581749
   2.90776     -1.604854
   2.87550     -1.616682
   2.84325     -1.620368
   2.81099     -1.622075
   2.77873     -1.628708
   2.74648     -1.647284
   2.71422     -1.680125
   2.68197     -1.722253
   2.64971     -1.766289
   2.61745     -1.805718
   2.58520     -1.834192
   2.55294     -1.844889
   2.55294     -1.844889
   2.50617     -1.858347
   2.45939     -1.888081
   2.41262     -1.906671
   2.36584     -1.905623
   2.31907     -1.927397
   2.27229     -1.965865
   2.22552     -1.861072
   2.17874     -1.852259
   2.13197     -1.912079
   2.08519     -1.955224
   2.03842     -1.966113
   1.99164     -2.011761
   1.94487     -2.109473
   1.89809     -2.199493
   1.85132     -2.277320
   1.80454     -2.341010
   1.75777     -2.388415
   1.71099     -2.417541
   1.66421     -2.427304
   1.66421     -1.940909
   1.64290     -1.902567
   1.62158     -1.840701
   1.60026     -1.778161
   1.57895     -1.719019
   1.55763     -1.665561
   1.53631     -1.625375
   1.51499     -1.630968
   1.49368     -1.652978
   1.47236     -1.677184
   1.45104     -1.701971
   1.42973     -1.726592
   1.40841     -1.750415
   1.38709     -1.772820
   1.36577     -1.793181
   1.34446     -1.810881
   1.32314     -1.825345
   1.30182     -1.836069
   1.28051     -1.842663
   1.25919     -1.844889
   1.25919     -1.844889
   1.23470     -1.837484
   1.21022     -1.816778
   1.18574     -1.785992
   1.16125     -1.748284
   1.13677     -1.706584
   1.11228     -1.665873
   1.08780     -1.643041
   1.06332     -1.643821
   1.03883     -1.638008
   1.01435     -1.612774
   0.98986     -1.569490
   0.96538     -1.516035
   0.94090     -1.460625
   0.91641     -1.409873
   0.89193     -1.369316
   0.86744     -1.344045
   0.84296     -1.338001
   0.81848     -1.350420
   0.79399     -1.364556
   0.79399     -2.365476
   0.75220     -2.348706
   0.71041     -2.313708
   0.66862     -2.332748
   0.62684     -2.370621
   0.58505     -2.403937
   0.54326     -2.425609
   0.50147     -2.405035
   0.45968     -2.313630
   0.41789     -2.205686
   0.37610     -2.166961
   0.33431     -2.174191
   0.29252     -2.164262
   0.25073     -2.131804
   0.20895     -2.078900
   0.16716     -2.015922
   0.12537     -1.952522
   0.08358     -1.896804
   0.04179     -1.858518
   0.00000     -1.844889
 
# Band-Index   51
   0.00000     -1.477370
   0.04179     -1.497607
   0.08358     -1.551022
   0.12537     -1.619154
   0.16716     -1.679903
   0.20895     -1.721816
   0.25073     -1.762945
   0.29252     -1.839247
   0.33431     -1.952902
   0.37610     -2.077915
   0.41789     -2.142208
   0.45968     -2.123528
   0.50147     -2.109536
   0.54326     -2.108941
   0.58505     -2.126287
   0.62684     -2.162523
   0.66862     -2.214552
   0.71041     -2.264273
   0.75220     -2.264320
   0.79399     -2.259251
   0.79399     -1.099334
   0.81848     -1.101592
   0.84296     -1.111559
   0.86744     -1.135949
   0.89193     -1.173698
   0.91641     -1.219242
   0.94090     -1.269186
   0.96538     -1.321720
   0.98986     -1.375654
   1.01435     -1.429961
   1.03883     -1.483441
   1.06332     -1.533775
   1.08780     -1.572209
   1.11228     -1.575520
   1.13677     -1.554935
   1.16125     -1.530525
   1.18574     -1.508549
   1.21022     -1.491590
   1.23470     -1.480977
   1.25919     -1.477370
   1.25919     -1.477370
   1.28051     -1.473123
   1.30182     -1.460821
   1.32314     -1.441858
   1.34446     -1.418835
   1.36577     -1.396306
   1.38709     -1.381960
   1.40841     -1.384958
   1.42973     -1.407058
   1.45104     -1.441015
   1.47236     -1.479941
   1.49368     -1.520546
   1.51499     -1.561331
   1.53631     -1.589599
   1.55763     -1.577808
   1.57895     -1.559679
   1.60026     -1.542979
   1.62158     -1.529226
   1.64290     -1.519843
   1.66421     -1.516441
   1.66421     -1.699440
   1.71099     -1.676879
   1.75777     -1.616242
   1.80454     -1.570161
   1.85132     -1.668817
   1.89809     -1.771637
   1.94487     -1.859074
   1.99164     -1.918276
   2.03842     -1.885402
   2.08519     -1.784533
   2.13197     -1.721330
   2.17874     -1.744512
   2.22552     -1.800677
   2.27229     -1.815778
   2.31907     -1.825647
   2.36584     -1.763306
   2.41262     -1.662081
   2.45939     -1.568445
   2.50617     -1.501787
   2.55294     -1.477370
   2.55294     -1.477370
   2.58520     -1.477382
   2.61745     -1.477363
   2.64971     -1.477035
   2.68197     -1.475442
   2.71422     -1.470142
   2.74648     -1.457012
   2.77873     -1.433482
   2.81099     -1.402957
   2.84325     -1.371184
   2.87550     -1.340697
   2.90776     -1.310915
   2.94002     -1.281361
   2.97227     -1.254658
   3.00453     -1.237405
   3.03678     -1.236652
   3.06904     -1.251116
   3.10130     -1.271792
   3.13355     -1.289102
   3.16581     -1.295667
   3.16581     -1.977551
   3.20623     -1.957309
   3.24666     -1.943331
   3.28708     -1.937227
   3.32751     -1.948693
   3.36793     -1.976822
   3.40836     -2.015590
   3.44878     -2.063239
   3.48921     -2.117906
   3.52963     -2.169467
   3.57006     -2.156854
   3.61048     -2.080432
   3.65091     -2.021075
   3.69133     -1.954964
   3.73176     -1.851192
   3.77218     -1.741859
   3.81261     -1.639912
   3.85303     -1.555004
   3.89346     -1.497732
   3.93388     -1.477370
   3.93388     -1.477370
   3.98265     -1.500970
   4.03141     -1.562191
   4.08018     -1.636844
   4.12894     -1.688274
   4.17771     -1.682980
   4.22648     -1.643518
   4.27524     -1.646692
   4.32401     -1.721491
   4.37277     -1.772267
   4.42154     -1.775980
   4.47030     -1.770346
   4.51907     -1.742699
   4.56784     -1.662590
   4.61660     -1.569079
   4.66537     -1.547223
   4.71413     -1.553085
   4.76290     -1.583291
   4.81166     -1.635510
   4.86043     -1.679556
 
# Band-Index   52
   4.86043     -1.619923
   4.81166     -1.561248
   4.76290     -1.430693
   4.71413     -1.331188
   4.66537     -1.409952
   4.61660     -1.528917
   4.56784     -1.581446
   4.51907     -1.616859
   4.47030     -1.637267
   4.42154     -1.603437
   4.37277     -1.527011
   4.32401     -1.476358
   4.27524     -1.467518
   4.22648     -1.396737
   4.17771     -1.269019
   4.12894     -1.150038
   4.08018     -1.075199
   4.03141     -1.042108
   3.98265     -1.029060
   3.93388     -1.025357
   3.93388     -1.025357
   3.89346     -1.025927
   3.85303     -1.028006
   3.81261     -1.035606
   3.77218     -1.071990
   3.73176     -1.177630
   3.69133     -1.308474
   3.65091     -1.423878
   3.61048     -1.508700
   3.57006     -1.564031
   3.52963     -1.605005
   3.48921     -1.649669
   3.44878     -1.701627
   3.40836     -1.746537
   3.36793     -1.775832
   3.32751     -1.795604
   3.28708     -1.817022
   3.24666     -1.852341
   3.20623     -1.911686
   3.16581     -1.960441
   3.16581     -1.246839
   3.13355     -1.238732
   3.10130     -1.219538
   3.06904     -1.198388
   3.03678     -1.181249
   3.00453     -1.167032
   2.97227     -1.152323
   2.94002     -1.136907
   2.90776     -1.121931
   2.87550     -1.110956
   2.84325     -1.109495
   2.81099     -1.115549
   2.77873     -1.119796
   2.74648     -1.116313
   2.71422     -1.104192
   2.68197     -1.085541
   2.64971     -1.064101
   2.61745     -1.044308
   2.58520     -1.030375
   2.55294     -1.025357
   2.55294     -1.025357
   2.50617     -1.025842
   2.45939     -1.029483
   2.41262     -1.049605
   2.36584     -1.131086
   2.31907     -1.271297
   2.27229     -1.412618
   2.22552     -1.512546
   2.17874     -1.526331
   2.13197     -1.488058
   2.08519     -1.441863
   2.03842     -1.380308
   1.99164     -1.316476
   1.94487     -1.287868
   1.89809     -1.348813
   1.85132     -1.435972
   1.80454     -1.524805
   1.75777     -1.488932
   1.71099     -1.458151
   1.66421     -1.451501
   1.66421     -1.401702
   1.64290     -1.397346
   1.62158     -1.384781
   1.60026     -1.364725
   1.57895     -1.337315
   1.55763     -1.302553
   1.53631     -1.261400
   1.51499     -1.217039
   1.49368     -1.176258
   1.47236     -1.149941
   1.45104     -1.145781
   1.42973     -1.156301
   1.40841     -1.164714
   1.38709     -1.157582
   1.36577     -1.134191
   1.34446     -1.103156
   1.32314     -1.072475
   1.30182     -1.047337
   1.28051     -1.031008
   1.25919     -1.025357
   1.25919     -1.025357
   1.23470     -1.025035
   1.21022     -1.024040
   1.18574     -1.022295
   1.16125     -1.019732
   1.13677     -1.016347
   1.11228     -1.012248
   1.08780     -1.007689
   1.06332     -1.003077
   1.03883     -0.998988
   1.01435     -0.996145
   0.98986     -0.995401
   0.96538     -0.997635
   0.94090     -1.003500
   0.91641     -1.012884
   0.89193     -1.023986
   0.86744     -1.032065
   0.84296     -1.030000
   0.81848     -1.018475
   0.79399     -1.011689
   0.79399     -1.464719
   0.75220     -1.474037
   0.71041     -1.487013
   0.66862     -1.490990
   0.62684     -1.485135
   0.58505     -1.470119
   0.54326     -1.442350
   0.50147     -1.396815
   0.45968     -1.332196
   0.41789     -1.267802
   0.37610     -1.314175
   0.33431     -1.373773
   0.29252     -1.397904
   0.25073     -1.359188
   0.20895     -1.261711
   0.16716     -1.153153
   0.12537     -1.079076
   0.08358     -1.044365
   0.04179     -1.029717
   0.00000     -1.025357
 
# Band-Index   53
   0.00000     -0.567155
   0.04179     -0.587600
   0.08358     -0.654705
   0.12537     -0.750009
   0.16716     -0.826246
   0.20895     -0.862266
   0.25073     -0.874276
   0.29252     -0.898223
   0.33431     -1.013263
   0.37610     -1.126662
   0.41789     -1.195290
   0.45968     -1.128324
   0.50147     -1.049092
   0.54326     -1.068868
   0.58505     -1.154797
   0.62684     -1.232636
   0.66862     -1.292545
   0.71041     -1.336456
   0.75220     -1.368926
   0.79399     -1.383773
   0.79399     -0.890204
   0.81848     -0.883230
   0.84296     -0.866824
   0.86744     -0.847052
   0.89193     -0.826588
   0.91641     -0.806177
   0.94090     -0.786000
   0.96538     -0.766181
   0.98986     -0.746814
   1.01435     -0.727868
   1.03883     -0.709145
   1.06332     -0.690327
   1.08780     -0.671106
   1.11228     -0.651333
   1.13677     -0.631213
   1.16125     -0.611523
   1.18574     -0.593666
   1.21022     -0.579406
   1.23470     -0.570279
   1.25919     -0.567155
   1.25919     -0.567155
   1.28051     -0.568855
   1.30182     -0.574460
   1.32314     -0.585745
   1.34446     -0.606382
   1.36577     -0.641194
   1.38709     -0.690954
   1.40841     -0.749259
   1.42973     -0.806866
   1.45104     -0.853252
   1.47236     -0.876399
   1.49368     -0.871458
   1.51499     -0.847188
   1.53631     -0.814871
   1.55763     -0.781689
   1.57895     -0.751656
   1.60026     -0.726980
   1.62158     -0.708794
   1.64290     -0.697661
   1.66421     -0.693908
   1.66421     -1.053411
   1.71099     -1.126492
   1.75777     -1.211760
   1.80454     -1.244892
   1.85132     -1.233027
   1.89809     -1.214241
   1.94487     -1.219079
   1.99164     -1.181094
   2.03842     -1.145638
   2.08519     -1.189021
   2.13197     -1.246784
   2.17874     -1.205311
   2.22552     -1.075939
   2.27229     -0.973534
   2.31907     -0.957300
   2.36584     -0.934352
   2.41262     -0.854651
   2.45939     -0.727349
   2.50617     -0.615387
   2.55294     -0.567155
   2.55294     -0.567155
   2.58520     -0.576491
   2.61745     -0.605256
   2.64971     -0.652236
   2.68197     -0.711139
   2.71422     -0.774283
   2.74648     -0.835714
   2.77873     -0.890918
   2.81099     -0.935492
   2.84325     -0.963690
   2.87550     -0.970373
   2.90776     -0.960782
   2.94002     -0.948827
   2.97227     -0.944944
   3.00453     -0.950995
   3.03678     -0.960090
   3.06904     -0.964854
   3.10130     -0.964684
   3.13355     -0.962875
   3.16581     -0.962005
   3.16581     -1.486340
   3.20623     -1.492226
   3.24666     -1.508611
   3.28708     -1.530030
   3.32751     -1.547373
   3.36793     -1.552358
   3.40836     -1.542045
   3.44878     -1.516091
   3.48921     -1.467375
   3.52963     -1.383923
   3.57006     -1.267184
   3.61048     -1.128223
   3.65091     -0.979648
   3.69133     -0.971850
   3.73176     -0.963642
   3.77218     -0.920030
   3.81261     -0.809421
   3.85303     -0.687661
   3.89346     -0.598933
   3.93388     -0.567155
   3.93388     -0.567155
   3.98265     -0.577798
   4.03141     -0.626843
   4.08018     -0.720749
   4.12894     -0.804222
   4.17771     -0.850712
   4.22648     -0.892011
   4.27524     -0.971785
   4.32401     -1.039427
   4.37277     -1.044110
   4.42154     -1.018323
   4.47030     -1.011924
   4.51907     -1.033256
   4.56784     -1.069715
   4.61660     -1.114392
   4.66537     -1.169163
   4.71413     -1.235165
   4.76290     -1.239708
   4.81166     -1.251204
   4.86043     -1.256508
 
# Band-Index   54
   4.86043     -0.995979
   4.81166     -1.021775
   4.76290     -1.083975
   4.71413     -1.114053
   4.66537     -1.047328
   4.61660     -0.948601
   4.56784     -0.877211
   4.51907     -0.848006
   4.47030     -0.848418
   4.42154     -0.852459
   4.37277     -0.846157
   4.32401     -0.835765
   4.27524     -0.821988
   4.22648     -0.781592
   4.17771     -0.694637
   4.12894     -0.608845
   4.08018     -0.542424
   4.03141     -0.478265
   3.98265     -0.389905
   3.93388     -0.326328
   3.93388     -0.326328
   3.89346     -0.350369
   3.85303     -0.393264
   3.81261     -0.453727
   3.77218     -0.547359
   3.73176     -0.674426
   3.69133     -0.821953
   3.65091     -0.970544
   3.61048     -0.975893
   3.57006     -0.982565
   3.52963     -0.995626
   3.48921     -1.017512
   3.44878     -1.050889
   3.40836     -1.098214
   3.36793     -1.159850
   3.32751     -1.231178
   3.28708     -1.301231
   3.24666     -1.355485
   3.20623     -1.384935
   3.16581     -1.393113
   3.16581     -0.719914
   3.13355     -0.724829
   3.10130     -0.736135
   3.06904     -0.747534
   3.03678     -0.753999
   3.00453     -0.751482
   2.97227     -0.735966
   2.94002     -0.706035
   2.90776     -0.665408
   2.87550     -0.619943
   2.84325     -0.574641
   2.81099     -0.533183
   2.77873     -0.497966
   2.74648     -0.469685
   2.71422     -0.446969
   2.68197     -0.426622
   2.64971     -0.404122
   2.61745     -0.375272
   2.58520     -0.342916
   2.55294     -0.326328
   2.55294     -0.326328
   2.50617     -0.334509
   2.45939     -0.365101
   2.41262     -0.437182
   2.36584     -0.560682
   2.31907     -0.719140
   2.27229     -0.884708
   2.22552     -0.959908
   2.17874     -0.980224
   2.13197     -1.004981
   2.08519     -1.033271
   2.03842     -1.029274
   1.99164     -0.982209
   1.94487     -1.004049
   1.89809     -1.031434
   1.85132     -1.009148
   1.80454     -0.967646
   1.75777     -0.931117
   1.71099     -0.917240
   1.66421     -0.949204
   1.66421     -0.547445
   1.64290     -0.546109
   1.62158     -0.542519
   1.60026     -0.537713
   1.57895     -0.532909
   1.55763     -0.529047
   1.53631     -0.526386
   1.51499     -0.524434
   1.49368     -0.522360
   1.47236     -0.519397
   1.45104     -0.514871
   1.42973     -0.507933
   1.40841     -0.497065
   1.38709     -0.479259
   1.36577     -0.449710
   1.34446     -0.405452
   1.32314     -0.354920
   1.30182     -0.332564
   1.28051     -0.327601
   1.25919     -0.326328
   1.25919     -0.326328
   1.23470     -0.338999
   1.21022     -0.363757
   1.18574     -0.387600
   1.16125     -0.407181
   1.13677     -0.422877
   1.11228     -0.436031
   1.08780     -0.447971
   1.06332     -0.459750
   1.03883     -0.472121
   1.01435     -0.485566
   0.98986     -0.500289
   0.96538     -0.516195
   0.94090     -0.532884
   0.91641     -0.549678
   0.89193     -0.565678
   0.86744     -0.579833
   0.84296     -0.591036
   0.81848     -0.598262
   0.79399     -0.600763
   0.79399     -0.971750
   0.75220     -0.968691
   0.71041     -0.959805
   0.66862     -0.946202
   0.62684     -0.930360
   0.58505     -0.918460
   0.54326     -0.937939
   0.50147     -0.946210
   0.45968     -0.898169
   0.41789     -0.878182
   0.37610     -0.871393
   0.33431     -0.869584
   0.29252     -0.861251
   0.25073     -0.758031
   0.20895     -0.640677
   0.16716     -0.540265
   0.12537     -0.464190
   0.08358     -0.407587
   0.04179     -0.356628
   0.00000     -0.326328
 
# Band-Index   55
   0.00000     -0.198943
   0.04179     -0.167619
   0.08358     -0.114051
   0.12537     -0.147636
   0.16716     -0.220277
   0.20895     -0.291377
   0.25073     -0.361602
   0.29252     -0.435215
   0.33431     -0.515352
   0.37610     -0.602879
   0.41789     -0.695575
   0.45968     -0.783512
   0.50147     -0.839328
   0.54326     -0.854061
   0.58505     -0.813243
   0.62684     -0.744081
   0.66862     -0.682212
   0.71041     -0.636436
   0.75220     -0.609648
   0.79399     -0.601124
   0.79399     -0.242141
   0.81848     -0.240340
   0.84296     -0.235099
   0.86744     -0.226854
   0.89193     -0.216257
   0.91641     -0.204077
   0.94090     -0.191091
   0.96538     -0.177951
   0.98986     -0.165023
   1.01435     -0.152378
   1.03883     -0.140023
   1.06332     -0.128174
   1.08780     -0.117419
   1.11228     -0.108789
   1.13677     -0.104041
   1.16125     -0.106336
   1.18574     -0.120622
   1.21022     -0.149146
   1.23470     -0.182395
   1.25919     -0.198943
   1.25919     -0.198943
   1.28051     -0.223557
   1.30182     -0.275830
   1.32314     -0.319666
   1.34446     -0.332769
   1.36577     -0.341208
   1.38709     -0.349997
   1.40841     -0.359565
   1.42973     -0.369777
   1.45104     -0.380277
   1.47236     -0.390519
   1.49368     -0.399707
   1.51499     -0.406707
   1.53631     -0.410026
   1.55763     -0.408057
   1.57895     -0.399759
   1.60026     -0.385413
   1.62158     -0.367003
   1.64290     -0.348906
   1.66421     -0.340251
   1.66421     -0.857577
   1.71099     -0.825028
   1.75777     -0.750033
   1.80454     -0.726822
   1.85132     -0.744247
   1.89809     -0.781876
   1.94487     -0.830698
   1.99164     -0.845553
   2.03842     -0.772317
   2.08519     -0.671646
   2.13197     -0.567484
   2.17874     -0.466957
   2.22552     -0.374250
   2.27229     -0.293800
   2.31907     -0.236448
   2.36584     -0.204014
   2.41262     -0.170918
   2.45939     -0.141810
   2.50617     -0.167274
   2.55294     -0.198943
   2.55294     -0.198943
   2.58520     -0.199104
   2.61745     -0.204516
   2.64971     -0.217447
   2.68197     -0.236231
   2.71422     -0.258642
   2.74648     -0.282237
   2.77873     -0.304674
   2.81099     -0.324482
   2.84325     -0.341511
   2.87550     -0.356605
   2.90776     -0.370996
   2.94002     -0.386098
   2.97227     -0.403666
   3.00453     -0.425681
   3.03678     -0.452887
   3.06904     -0.483067
   3.10130     -0.511764
   3.13355     -0.533400
   3.16581     -0.541719
   3.16581     -0.987723
   3.20623     -0.979148
   3.24666     -0.954832
   3.28708     -0.917662
   3.32751     -0.869697
   3.36793     -0.811338
   3.40836     -0.742695
   3.44878     -0.665710
   3.48921     -0.584469
   3.52963     -0.504390
   3.57006     -0.435332
   3.61048     -0.383132
   3.65091     -0.338318
   3.69133     -0.296365
   3.73176     -0.253546
   3.77218     -0.204229
   3.81261     -0.145513
   3.85303     -0.119896
   3.89346     -0.165243
   3.93388     -0.198943
   3.93388     -0.198943
   3.98265     -0.142806
   4.03141     -0.121928
   4.08018     -0.194355
   4.12894     -0.287397
   4.17771     -0.375852
   4.22648     -0.449211
   4.27524     -0.507260
   4.32401     -0.551765
   4.37277     -0.583281
   4.42154     -0.603375
   4.47030     -0.616053
   4.51907     -0.625999
   4.56784     -0.635489
   4.61660     -0.643992
   4.66537     -0.651618
   4.71413     -0.659663
   4.76290     -0.668744
   4.81166     -0.677402
   4.86043     -0.681319
 
# Band-Index   56
   4.86043     -0.504371
   4.81166     -0.504823
   4.76290     -0.504618
   4.71413     -0.500513
   4.66537     -0.489119
   4.61660     -0.466324
   4.56784     -0.427595
   4.51907     -0.373634
   4.47030     -0.313497
   4.42154     -0.256480
   4.37277     -0.206532
   4.32401     -0.163788
   4.27524     -0.127188
   4.22648     -0.095848
   4.17771     -0.069490
   4.12894     -0.048574
   4.08018     -0.034759
   4.03141     -0.032672
   3.98265     -0.023089
   3.93388     -0.007771
   3.93388     -0.007771
   3.89346     -0.020427
   3.85303     -0.066808
   3.81261     -0.098900
   3.77218     -0.123919
   3.73176     -0.162698
   3.69133     -0.212674
   3.65091     -0.272018
   3.61048     -0.338774
   3.57006     -0.408316
   3.52963     -0.469750
   3.48921     -0.526316
   3.44878     -0.584039
   3.40836     -0.643372
   3.36793     -0.703242
   3.32751     -0.761627
   3.28708     -0.815405
   3.24666     -0.860192
   3.20623     -0.890563
   3.16581     -0.901423
   3.16581     -0.367417
   3.13355     -0.365676
   3.10130     -0.360231
   3.06904     -0.350293
   3.03678     -0.334316
   3.00453     -0.310474
   2.97227     -0.278651
   2.94002     -0.241597
   2.90776     -0.203089
   2.87550     -0.166110
   2.84325     -0.132468
   2.81099     -0.103022
   2.77873     -0.078028
   2.74648     -0.057420
   2.71422     -0.040976
   2.68197     -0.028399
   2.64971     -0.019310
   2.61745     -0.013248
   2.58520     -0.009610
   2.55294     -0.007771
   2.55294     -0.007771
   2.50617     -0.022874
   2.45939     -0.056529
   2.41262     -0.092767
   2.36584     -0.137981
   2.31907     -0.186877
   2.27229     -0.217871
   2.22552     -0.234838
   2.17874     -0.248691
   2.13197     -0.262911
   2.08519     -0.279720
   2.03842     -0.301583
   1.99164     -0.331432
   1.94487     -0.372417
   1.89809     -0.427242
   1.85132     -0.496924
   1.80454     -0.577265
   1.75777     -0.642631
   1.71099     -0.662243
   1.66421     -0.665172
   1.66421     -0.256682
   1.64290     -0.247193
   1.62158     -0.226223
   1.60026     -0.201921
   1.57895     -0.177478
   1.55763     -0.154119
   1.53631     -0.132371
   1.51499     -0.112462
   1.49368     -0.094470
   1.47236     -0.078397
   1.45104     -0.064201
   1.42973     -0.051817
   1.40841     -0.041173
   1.38709     -0.032187
   1.36577     -0.024778
   1.34446     -0.018866
   1.32314     -0.014363
   1.30182     -0.011167
   1.28051     -0.009074
   1.25919     -0.007771
   1.25919     -0.007771
   1.23470     -0.008738
   1.21022     -0.011946
   1.18574     -0.017574
   1.16125     -0.025464
   1.13677     -0.035361
   1.11228     -0.046967
   1.08780     -0.059913
   1.06332     -0.073744
   1.03883     -0.087882
   1.01435     -0.101599
   0.98986     -0.114052
   0.96538     -0.124436
   0.94090     -0.132273
   0.91641     -0.137623
   0.89193     -0.140957
   0.86744     -0.142885
   0.84296     -0.143930
   0.81848     -0.144439
   0.79399     -0.144592
   0.79399     -0.432328
   0.75220     -0.429714
   0.71041     -0.420570
   0.66862     -0.403514
   0.62684     -0.379310
   0.58505     -0.349748
   0.54326     -0.316579
   0.50147     -0.281373
   0.45968     -0.245577
   0.41789     -0.210487
   0.37610     -0.177220
   0.33431     -0.146702
   0.29252     -0.119728
   0.25073     -0.097127
   0.20895     -0.080079
   0.16716     -0.071010
   0.12537     -0.076118
   0.08358     -0.075983
   0.04179     -0.028120
   0.00000     -0.007771
 
# Band-Index   57
   0.00000      0.008676
   0.04179      0.019365
   0.08358      0.053378
   0.12537      0.137537
   0.16716      0.270345
   0.20895      0.429859
   0.25073      0.603322
   0.29252      0.783937
   0.33431      0.967440
   0.37610      1.150727
   0.41789      1.331132
   0.45968      1.505817
   0.50147      1.670297
   0.54326      1.775128
   0.58505      1.596033
   0.62684      1.431763
   0.66862      1.300979
   0.71041      1.208227
   0.75220      1.154215
   0.79399      1.136737
   0.79399      1.033229
   0.81848      1.020664
   0.84296      0.991314
   0.86744      0.954801
   0.89193      0.913055
   0.91641      0.864113
   0.94090      0.806076
   0.96538      0.738935
   0.98986      0.664247
   1.01435      0.584140
   1.03883      0.500716
   1.06332      0.415924
   1.08780      0.331635
   1.11228      0.249905
   1.13677      0.173431
   1.16125      0.106447
   1.18574      0.055412
   1.21022      0.025191
   1.23470      0.012041
   1.25919      0.008676
   1.25919      0.008676
   1.28051      0.034400
   1.30182      0.090010
   1.32314      0.155661
   1.34446      0.224540
   1.36577      0.294368
   1.38709      0.364290
   1.40841      0.433976
   1.42973      0.503325
   1.45104      0.572377
   1.47236      0.641244
   1.49368      0.710094
   1.51499      0.779116
   1.53631      0.848500
   1.55763      0.918400
   1.57895      0.988879
   1.60026      1.059799
   1.62158      1.130425
   1.64290      1.197381
   1.66421      1.236647
   1.66421      2.511736
   1.71099      2.501616
   1.75777      2.478487
   1.80454      2.444219
   1.85132      2.391158
   1.89809      2.313452
   1.94487      2.206786
   1.99164      2.068139
   2.03842      1.898595
   2.08519      1.703699
   2.13197      1.491016
   2.17874      1.267885
   2.22552      1.040703
   2.27229      0.815180
   2.31907      0.596955
   2.36584      0.392478
   2.41262      0.211146
   2.45939      0.073296
   2.50617      0.015312
   2.55294      0.008676
   2.55294      0.008676
   2.58520      0.036612
   2.61745      0.106474
   2.64971      0.199840
   2.68197      0.305635
   2.71422      0.418150
   2.74648      0.534118
   2.77873      0.651408
   2.81099      0.768503
   2.84325      0.884302
   2.87550      0.997978
   2.90776      1.108814
   2.94002      1.215744
   2.97227      1.314254
   3.00453      1.384467
   3.03678      1.447017
   3.06904      1.522358
   3.10130      1.606922
   3.13355      1.691569
   3.16581      1.743209
   3.16581      2.361346
   3.20623      2.300142
   3.24666      2.199519
   3.28708      2.100899
   3.32751      2.006124
   3.36793      1.906199
   3.40836      1.789510
   3.44878      1.651172
   3.48921      1.494164
   3.52963      1.324020
   3.57006      1.145789
   3.61048      0.963622
   3.65091      0.781132
   3.69133      0.601902
   3.73176      0.430023
   3.77218      0.271005
   3.81261      0.134166
   3.85303      0.040083
   3.89346      0.007736
   3.93388      0.008676
   3.93388      0.008676
   3.98265      0.016632
   4.03141      0.073554
   4.08018      0.215822
   4.12894      0.396271
   4.17771      0.591957
   4.22648      0.789818
   4.27524      0.978271
   4.32401      1.145800
   4.37277      1.281691
   4.42154      1.378430
   4.47030      1.433970
   4.51907      1.451747
   4.56784      1.439879
   4.61660      1.410513
   4.66537      1.377533
   4.71413      1.353463
   4.76290      1.347751
   4.81166      1.364153
   4.86043      1.382799
 
# Band-Index   58
   4.86043      1.540753
   4.81166      1.600870
   4.76290      1.735784
   4.71413      1.910007
   4.66537      2.104132
   4.61660      2.259722
   4.56784      2.286258
   4.51907      2.292944
   4.47030      2.298644
   4.42154      2.306093
   4.37277      2.316231
   4.32401      2.329026
   4.27524      2.331827
   4.22648      2.208524
   4.17771      1.997549
   4.12894      1.781552
   4.08018      1.578895
   4.03141      1.406881
   3.98265      1.287588
   3.93388      1.244204
   3.93388      1.244204
   3.89346      1.281350
   3.85303      1.384667
   3.81261      1.536049
   3.77218      1.717179
   3.73176      1.913425
   3.69133      2.113157
   3.65091      2.304889
   3.61048      2.468799
   3.57006      2.546290
   3.52963      2.502853
   3.48921      2.430304
   3.44878      2.376961
   3.40836      2.359708
   3.36793      2.384295
   3.32751      2.444573
   3.28708      2.524323
   3.24666      2.600711
   3.20623      2.597628
   3.16581      2.543973
   3.16581      1.787344
   3.13355      1.763543
   3.10130      1.700923
   3.06904      1.619892
   3.03678      1.530120
   3.00453      1.438342
   2.97227      1.371909
   2.94002      1.355950
   2.90776      1.372703
   2.87550      1.417400
   2.84325      1.486347
   2.81099      1.570894
   2.77873      1.595583
   2.74648      1.524153
   2.71422      1.448611
   2.68197      1.380332
   2.64971      1.323220
   2.61745      1.280140
   2.58520      1.253318
   2.55294      1.244204
   2.55294      1.244204
   2.50617      1.281866
   2.45939      1.386399
   2.41262      1.538732
   2.36584      1.718931
   2.31907      1.909712
   2.27229      2.094343
   2.22552      2.253203
   2.17874      2.373469
   2.13197      2.469639
   2.08519      2.564643
   2.03842      2.668721
   1.99164      2.770412
   1.94487      2.764380
   1.89809      2.685016
   1.85132      2.634288
   1.80454      2.619394
   1.75777      2.633324
   1.71099      2.635364
   1.66421      2.624629
   1.66421      1.343123
   1.64290      1.383353
   1.62158      1.453140
   1.60026      1.528267
   1.57895      1.605056
   1.55763      1.682377
   1.53631      1.759602
   1.51499      1.836248
   1.49368      1.911772
   1.47236      1.896183
   1.45104      1.796387
   1.42973      1.699699
   1.40841      1.607649
   1.38709      1.521831
   1.36577      1.444028
   1.34446      1.376205
   1.32314      1.320439
   1.30182      1.278770
   1.28051      1.252954
   1.25919      1.244204
   1.25919      1.244204
   1.23470      1.245218
   1.21022      1.248225
   1.18574      1.253152
   1.16125      1.259850
   1.13677      1.268097
   1.11228      1.277578
   1.08780      1.287871
   1.06332      1.298395
   1.03883      1.308392
   1.01435      1.316828
   0.98986      1.322248
   0.96538      1.322547
   0.94090      1.315745
   0.91641      1.304047
   0.89193      1.290024
   0.86744      1.269389
   0.84296      1.241718
   0.81848      1.214545
   0.79399      1.202136
   0.79399      1.481297
   0.75220      1.508037
   0.71041      1.583039
   0.66862      1.692633
   0.62684      1.815133
   0.58505      1.895067
   0.54326      1.834089
   0.50147      2.004043
   0.45968      2.222766
   0.41789      2.436086
   0.37610      2.622865
   0.33431      2.638338
   0.29252      2.442759
   0.25073      2.221556
   0.20895      1.996207
   0.16716      1.776864
   0.12537      1.574500
   0.08358      1.404243
   0.04179      1.286797
   0.00000      1.244204
 
# Band-Index   59
   0.00000      2.536039
   0.04179      2.559497
   0.08358      2.628201
   0.12537      2.735316
   0.16716      2.864809
   0.20895      2.983491
   0.25073      3.015007
   0.29252      2.931820
   0.33431      2.806466
   0.37610      2.728376
   0.41789      2.588594
   0.45968      2.435240
   0.50147      2.291690
   0.54326      2.163793
   0.58505      2.093880
   0.62684      2.120658
   0.66862      2.061868
   0.71041      2.001954
   0.75220      1.966129
   0.79399      1.954340
   0.79399      1.483475
   0.81848      1.449189
   0.84296      1.411052
   0.86744      1.381639
   0.89193      1.366436
   0.91641      1.367750
   0.94090      1.384683
   0.96538      1.421348
   0.98986      1.479566
   1.01435      1.555951
   1.03883      1.646686
   1.06332      1.748549
   1.08780      1.858730
   1.11228      1.974586
   1.13677      2.093389
   1.16125      2.211917
   1.18574      2.325742
   1.21022      2.427755
   1.23470      2.505117
   1.25919      2.536039
   1.25919      2.536039
   1.28051      2.521731
   1.30182      2.486027
   1.32314      2.438723
   1.34446      2.384686
   1.36577      2.325977
   1.38709      2.263574
   1.40841      2.198046
   1.42973      2.129801
   1.45104      2.059204
   1.47236      1.986710
   1.49368      1.998701
   1.51499      2.101242
   1.53631      2.203523
   1.55763      2.304142
   1.57895      2.401604
   1.60026      2.493918
   1.62158      2.577728
   1.64290      2.645194
   1.66421      2.674873
   1.66421      2.724999
   1.71099      2.698358
   1.75777      2.696337
   1.80454      2.736030
   1.85132      2.784300
   1.89809      2.832316
   1.94487      2.860469
   1.99164      2.903183
   2.03842      2.986330
   2.08519      2.957540
   2.13197      2.839105
   2.17874      2.700550
   2.22552      2.582950
   2.27229      2.507155
   2.31907      2.465492
   2.36584      2.446231
   2.41262      2.445700
   2.45939      2.465575
   2.50617      2.505358
   2.55294      2.536039
   2.55294      2.536039
   2.58520      2.480844
   2.61745      2.367026
   2.64971      2.234228
   2.68197      2.095569
   2.71422      1.957923
   2.74648      1.827072
   2.77873      1.715576
   2.81099      1.716402
   2.84325      1.794044
   2.87550      1.873324
   2.90776      1.944877
   2.94002      2.003040
   2.97227      2.042525
   3.00453      2.058876
   3.03678      2.049903
   3.06904      2.016937
   3.10130      1.964543
   3.13355      1.900920
   3.16581      1.858648
   3.16581      2.811085
   3.20623      2.756204
   3.24666      2.784669
   3.28708      2.894405
   3.32751      2.999140
   3.36793      3.076124
   3.40836      3.112500
   3.44878      3.097295
   3.48921      3.030344
   3.52963      2.929988
   3.57006      2.846550
   3.61048      2.869003
   3.65091      2.953121
   3.69133      3.008723
   3.73176      2.937072
   3.77218      2.807109
   3.81261      2.685958
   3.85303      2.596408
   3.89346      2.548478
   3.93388      2.536039
   3.93388      2.536039
   3.98265      2.529604
   4.03141      2.510956
   4.08018      2.484135
   4.12894      2.454364
   4.17771      2.425838
   4.22648      2.406164
   4.27524      2.467157
   4.32401      2.632462
   4.37277      2.762450
   4.42154      2.817477
   4.47030      2.790404
   4.51907      2.689155
   4.56784      2.528083
   4.61660      2.349124
   4.66537      2.284161
   4.71413      2.261836
   4.76290      2.244313
   4.81166      2.233369
   4.86043      2.229769
 
# Band-Index   60
   4.86043      2.363481
   4.81166      2.370462
   4.76290      2.391117
   4.71413      2.425995
   4.66537      2.478797
   4.61660      2.555327
   4.56784      2.659003
   4.51907      2.788265
   4.47030      2.918832
   4.42154      3.000125
   4.37277      3.037588
   4.32401      3.068272
   4.27524      3.095018
   4.22648      3.102272
   4.17771      3.072918
   4.12894      3.001911
   4.08018      2.905071
   4.03141      2.810739
   3.98265      2.744715
   3.93388      2.721587
   3.93388      2.721587
   3.89346      2.766489
   3.85303      2.881760
   3.81261      3.030798
   3.77218      3.142599
   3.73176      3.156202
   3.69133      3.166135
   3.65091      3.257216
   3.61048      3.348013
   3.57006      3.409523
   3.52963      3.438043
   3.48921      3.436845
   3.44878      3.410379
   3.40836      3.358456
   3.36793      3.285410
   3.32751      3.206753
   3.28708      3.112109
   3.24666      3.011894
   3.20623      2.919616
   3.16581      2.849219
   3.16581      2.086552
   3.13355      2.107844
   3.10130      2.156125
   3.06904      2.211563
   3.03678      2.266062
   3.00453      2.318405
   2.97227      2.369457
   2.94002      2.419851
   2.90776      2.469718
   2.87550      2.518969
   2.84325      2.567378
   2.81099      2.614539
   2.77873      2.659711
   2.74648      2.701633
   2.71422      2.738259
   2.68197      2.766349
   2.64971      2.780939
   2.61745      2.775429
   2.58520      2.746830
   2.55294      2.721587
   2.55294      2.721587
   2.50617      2.782358
   2.45939      2.904558
   2.41262      3.039007
   2.36584      3.162044
   2.31907      3.258788
   2.27229      3.319955
   2.22552      3.341331
   2.17874      3.325195
   2.13197      3.279853
   2.08519      3.216291
   2.03842      3.132039
   1.99164      3.057365
   1.94487      3.042677
   1.89809      3.060170
   1.85132      3.019714
   1.80454      2.958324
   1.75777      2.894226
   1.71099      2.832718
   1.66421      2.795121
   1.66421      2.870668
   1.64290      2.891724
   1.62158      2.933401
   1.60026      2.974536
   1.57895      3.007867
   1.55763      3.031026
   1.53631      3.043482
   1.51499      3.045659
   1.49368      3.038539
   1.47236      3.023406
   1.45104      3.001642
   1.42973      2.974584
   1.40841      2.943439
   1.38709      2.909256
   1.36577      2.872950
   1.34446      2.835407
   1.32314      2.797783
   1.30182      2.762205
   1.28051      2.733544
   1.25919      2.721587
   1.25919      2.721587
   1.23470      2.719937
   1.21022      2.706962
   1.18574      2.676327
   1.16125      2.629427
   1.13677      2.569511
   1.11228      2.499547
   1.08780      2.421946
   1.06332      2.338665
   1.03883      2.251361
   1.01435      2.161529
   0.98986      2.070641
   0.96538      1.980273
   0.94090      1.892194
   0.91641      1.808381
   0.89193      1.730836
   0.86744      1.661104
   0.84296      1.599613
   0.81848      1.545693
   0.79399      1.506780
   0.79399      2.485511
   0.75220      2.462732
   0.71041      2.400100
   0.66862      2.312221
   0.62684      2.244899
   0.58505      2.335013
   0.54326      2.505191
   0.50147      2.704030
   0.45968      2.902077
   0.41789      3.009413
   0.37610      2.931560
   0.33431      2.968588
   0.29252      3.066094
   0.25073      3.095910
   0.20895      3.093313
   0.16716      3.037770
   0.12537      2.929349
   0.08358      2.822976
   0.04179      2.748368
   0.00000      2.721587
 
# Band-Index   61
   0.00000      3.302554
   0.04179      3.302741
   0.08358      3.302834
   0.12537      3.302775
   0.16716      3.310910
   0.20895      3.361947
   0.25073      3.461110
   0.29252      3.537408
   0.33431      3.519451
   0.37610      3.405699
   0.41789      3.288419
   0.45968      3.328366
   0.50147      3.413075
   0.54326      3.450327
   0.58505      3.425349
   0.62684      3.373425
   0.66862      3.321936
   0.71041      3.277071
   0.75220      3.244116
   0.79399      3.231557
   0.79399      4.434446
   0.81848      4.434450
   0.84296      4.433158
   0.86744      4.426877
   0.89193      4.411849
   0.91641      4.386521
   0.94090      4.350323
   0.96538      4.302764
   0.98986      4.243593
   1.01435      4.172991
   1.03883      4.091643
   1.06332      4.000706
   1.08780      3.901774
   1.11228      3.796889
   1.13677      3.688672
   1.16125      3.580669
   1.18574      3.478092
   1.21022      3.389091
   1.23470      3.325902
   1.25919      3.302554
   1.25919      3.302554
   1.28051      3.305526
   1.30182      3.314404
   1.32314      3.329079
   1.34446      3.349393
   1.36577      3.375162
   1.38709      3.406205
   1.40841      3.442361
   1.42973      3.483497
   1.45104      3.529500
   1.47236      3.580248
   1.49368      3.635586
   1.51499      3.695260
   1.53631      3.758876
   1.55763      3.825805
   1.57895      3.895035
   1.60026      3.964800
   1.62158      4.031556
   1.64290      4.086833
   1.66421      4.110897
   1.66421      3.670689
   1.71099      3.615707
   1.75777      3.520863
   1.80454      3.426006
   1.85132      3.334167
   1.89809      3.259139
   1.94487      3.263372
   1.99164      3.324124
   2.03842      3.312993
   2.08519      3.389147
   2.13197      3.576133
   2.17874      3.742750
   2.22552      3.822839
   2.27229      3.843415
   2.31907      3.774642
   2.36584      3.642677
   2.41262      3.503654
   2.45939      3.393272
   2.50617      3.325271
   2.55294      3.302554
   2.55294      3.302554
   2.58520      3.325990
   2.61745      3.392261
   2.64971      3.489817
   2.68197      3.604908
   2.71422      3.726811
   2.74648      3.848170
   2.77873      3.963417
   2.81099      4.067286
   2.84325      4.153526
   2.87550      4.214049
   2.90776      4.239974
   2.94002      4.222984
   2.97227      4.171993
   3.00453      4.118398
   3.03678      4.077134
   3.06904      4.050902
   3.10130      4.037254
   3.13355      4.031667
   3.16581      4.030276
   3.16581      3.070490
   3.20623      3.079920
   3.24666      3.108269
   3.28708      3.156609
   3.32751      3.240582
   3.36793      3.364624
   3.40836      3.491926
   3.44878      3.602934
   3.48921      3.715110
   3.52963      3.832147
   3.57006      3.941359
   3.61048      4.017976
   3.65091      4.001214
   3.69133      3.805263
   3.73176      3.580596
   3.77218      3.398292
   3.81261      3.323059
   3.85303      3.307806
   3.89346      3.303678
   3.93388      3.302554
   3.93388      3.302554
   3.98265      3.325559
   4.03141      3.390099
   4.08018      3.485950
   4.12894      3.601247
   4.17771      3.719219
   4.22648      3.807517
   4.27524      3.815050
   4.32401      3.683207
   4.37277      3.484376
   4.42154      3.302114
   4.47030      3.184470
   4.51907      3.151875
   4.56784      3.177495
   4.61660      3.239926
   4.66537      3.328659
   4.71413      3.434770
   4.76290      3.544487
   4.81166      3.634115
   4.86043      3.670425
 
# Band-Index   62
   4.86043      4.087719
   4.81166      4.085369
   4.76290      4.067600
   4.71413      4.016918
   4.66537      3.929366
   4.61660      3.827510
   4.56784      3.744046
   4.51907      3.699093
   4.47030      3.697691
   4.42154      3.734750
   4.37277      3.798649
   4.32401      3.876832
   4.27524      3.994417
   4.22648      4.169225
   4.17771      4.304107
   4.12894      4.332559
   4.08018      4.355477
   4.03141      4.386426
   3.98265      4.412266
   3.93388      4.422185
   3.93388      4.422185
   3.89346      4.409811
   3.85303      4.372978
   3.81261      4.314550
   3.77218      4.243629
   3.73176      4.175128
   3.69133      4.123120
   3.65091      4.101568
   3.61048      4.137376
   3.57006      4.090064
   3.52963      3.974441
   3.48921      3.833571
   3.44878      3.692491
   3.40836      3.577649
   3.36793      3.513645
   3.32751      3.474139
   3.28708      3.442853
   3.24666      3.418393
   3.20623      3.402627
   3.16581      3.397174
   3.16581      4.155478
   3.13355      4.162119
   3.10130      4.180865
   3.06904      4.207908
   3.03678      4.237758
   3.00453      4.266176
   2.97227      4.292776
   2.94002      4.325969
   2.90776      4.385378
   2.87550      4.464801
   2.84325      4.523857
   2.81099      4.528690
   2.77873      4.531901
   2.74648      4.529212
   2.71422      4.516962
   2.68197      4.495558
   2.64971      4.469575
   2.61745      4.445294
   2.58520      4.428278
   2.55294      4.422185
   2.55294      4.422185
   2.50617      4.417034
   2.45939      4.401579
   2.41262      4.375667
   2.36584      4.338524
   2.31907      4.284367
   2.27229      4.183645
   2.22552      4.011135
   2.17874      3.799424
   2.13197      3.645719
   2.08519      3.537754
   2.03842      3.437296
   1.99164      3.393565
   1.94487      3.484665
   1.89809      3.611352
   1.85132      3.767850
   1.80454      3.896392
   1.75777      3.937653
   1.71099      3.936916
   1.66421      3.894772
   1.66421      4.338740
   1.64290      4.357299
   1.62158      4.394027
   1.60026      4.426805
   1.57895      4.451894
   1.55763      4.474021
   1.53631      4.496201
   1.51499      4.518266
   1.49368      4.537425
   1.47236      4.548717
   1.45104      4.547811
   1.42973      4.535722
   1.40841      4.517224
   1.38709      4.496484
   1.36577      4.476151
   1.34446      4.457875
   1.32314      4.442740
   1.30182      4.431469
   1.28051      4.424527
   1.25919      4.422185
   1.25919      4.422185
   1.23470      4.428595
   1.21022      4.446959
   1.18574      4.474766
   1.16125      4.508047
   1.13677      4.541582
   1.11228      4.569508
   1.08780      4.587323
   1.06332      4.594328
   1.03883      4.592916
   1.01435      4.585835
   0.98986      4.574927
   0.96538      4.561280
   0.94090      4.545826
   0.91641      4.530062
   0.89193      4.516529
   0.86744      4.508501
   0.84296      4.507932
   0.81848      4.512507
   0.79399      4.515668
   0.79399      3.382288
   0.75220      3.390171
   0.71041      3.413267
   0.66862      3.448556
   0.62684      3.488940
   0.58505      3.527365
   0.54326      3.575634
   0.50147      3.655999
   0.45968      3.759690
   0.41789      3.873442
   0.37610      3.976803
   0.33431      4.044486
   0.29252      4.087838
   0.25073      4.132140
   0.20895      4.185148
   0.16716      4.248065
   0.12537      4.314015
   0.08358      4.371001
   0.04179      4.408954
   0.00000      4.422185
 
# Band-Index   63
   0.00000      4.757572
   0.04179      4.739547
   0.08358      4.686408
   0.12537      4.602677
   0.16716      4.499742
   0.20895      4.398745
   0.25073      4.329953
   0.29252      4.312322
   0.33431      4.298060
   0.37610      4.239886
   0.41789      4.210729
   0.45968      4.202836
   0.50147      4.211043
   0.54326      4.241895
   0.58505      4.293369
   0.62684      4.352827
   0.66862      4.407699
   0.71041      4.450286
   0.75220      4.476818
   0.79399      4.485785
   0.79399      4.585340
   0.81848      4.594120
   0.84296      4.614795
   0.86744      4.639366
   0.89193      4.663789
   0.91641      4.687810
   0.94090      4.712751
   0.96538      4.738914
   0.98986      4.764313
   1.01435      4.784615
   1.03883      4.794309
   1.06332      4.790758
   1.08780      4.778503
   1.11228      4.765864
   1.13677      4.757964
   1.16125      4.754984
   1.18574      4.754962
   1.21022      4.756077
   1.23470      4.757150
   1.25919      4.757572
   1.25919      4.757572
   1.28051      4.757021
   1.30182      4.755278
   1.32314      4.752050
   1.34446      4.746898
   1.36577      4.739284
   1.38709      4.728806
   1.40841      4.715628
   1.42973      4.701151
   1.45104      4.688583
   1.47236      4.681809
   1.49368      4.680470
   1.51499      4.677811
   1.53631      4.665664
   1.55763      4.639587
   1.57895      4.601874
   1.60026      4.561065
   1.62158      4.528554
   1.64290      4.510617
   1.66421      4.505304
   1.66421      3.981297
   1.71099      3.996578
   1.75777      4.073187
   1.80454      4.036027
   1.85132      3.980282
   1.89809      3.974018
   1.94487      3.989046
   1.99164      4.027283
   2.03842      4.095831
   2.08519      4.194957
   2.13197      4.311241
   2.17874      4.416984
   2.22552      4.498015
   2.27229      4.521756
   2.31907      4.534860
   2.36584      4.590730
   2.41262      4.654093
   2.45939      4.708544
   2.50617      4.744855
   2.55294      4.757572
   2.55294      4.757572
   2.58520      4.755789
   2.61745      4.750770
   2.64971      4.743378
   2.68197      4.734489
   2.71422      4.723631
   2.74648      4.706467
   2.77873      4.674377
   2.81099      4.621253
   2.84325      4.551555
   2.87550      4.533759
   2.90776      4.551068
   2.94002      4.578518
   2.97227      4.606439
   3.00453      4.622292
   3.03678      4.581858
   3.06904      4.523050
   3.10130      4.483439
   3.13355      4.461890
   3.16581      4.455144
   3.16581      4.373366
   3.20623      4.363070
   3.24666      4.321379
   3.28708      4.256585
   3.32751      4.196390
   3.36793      4.156994
   3.40836      4.148260
   3.44878      4.168697
   3.48921      4.193151
   3.52963      4.200776
   3.57006      4.218348
   3.61048      4.270110
   3.65091      4.329320
   3.69133      4.419701
   3.73176      4.513934
   3.77218      4.598112
   3.81261      4.666791
   3.85303      4.717142
   3.89346      4.747513
   3.93388      4.757572
   3.93388      4.757571
   3.98265      4.740721
   4.03141      4.691156
   4.08018      4.611359
   4.12894      4.505126
   4.17771      4.395714
   4.22648      4.364631
   4.27524      4.296488
   4.32401      4.185580
   4.37277      4.096187
   4.42154      4.056296
   4.47030      4.075232
   4.51907      4.139580
   4.56784      4.228319
   4.61660      4.324152
   4.66537      4.418063
   4.71413      4.508626
   4.76290      4.582377
   4.81166      4.627018
   4.86043      4.641667
 
# Band-Index   64
   4.86043      4.746855
   4.81166      4.749983
   4.76290      4.743794
   4.71413      4.685896
   4.66537      4.607090
   4.61660      4.534523
   4.56784      4.461272
   4.51907      4.387645
   4.47030      4.338377
   4.42154      4.343214
   4.37277      4.400658
   4.32401      4.466742
   4.27524      4.503404
   4.22648      4.573718
   4.17771      4.713087
   4.12894      4.853175
   4.08018      4.960427
   4.03141      5.030309
   3.98265      5.067997
   3.93388      5.079651
   3.93388      5.079651
   3.89346      5.070303
   3.85303      5.040850
   3.81261      4.987336
   3.77218      4.907847
   3.73176      4.806638
   3.69133      4.693017
   3.65091      4.588570
   3.61048      4.560963
   3.57006      4.554534
   3.52963      4.457408
   3.48921      4.373947
   3.44878      4.342133
   3.40836      4.346629
   3.36793      4.361913
   3.32751      4.378196
   3.28708      4.393375
   3.24666      4.411032
   3.20623      4.441645
   3.16581      4.463442
   3.16581      4.665372
   3.13355      4.665965
   3.10130      4.666727
   3.06904      4.665442
   3.03678      4.662359
   3.00453      4.695008
   2.97227      4.799167
   2.94002      4.926143
   2.90776      4.961869
   2.87550      4.955556
   2.84325      4.950476
   2.81099      4.949807
   2.77873      4.957842
   2.74648      4.976764
   2.71422      5.002628
   2.68197      5.028790
   2.64971      5.050817
   2.61745      5.066861
   2.58520      5.076470
   2.55294      5.079653
   2.55294      5.079654
   2.50617      5.064108
   2.45939      5.016024
   2.41262      4.934451
   2.36584      4.822939
   2.31907      4.695393
   2.27229      4.583428
   2.22552      4.563954
   2.17874      4.594906
   2.13197      4.599716
   2.08519      4.595838
   2.03842      4.552467
   1.99164      4.478093
   1.94487      4.409919
   1.89809      4.353718
   1.85132      4.306848
   1.80454      4.256951
   1.75777      4.227893
   1.71099      4.236935
   1.66421      4.237267
   1.66421      4.814725
   1.64290      4.818006
   1.62158      4.827025
   1.60026      4.839799
   1.57895      4.854576
   1.55763      4.871371
   1.53631      4.891833
   1.51499      4.916255
   1.49368      4.941691
   1.47236      4.964376
   1.45104      4.982664
   1.42973      4.997468
   1.40841      5.010742
   1.38709      5.023956
   1.36577      5.037426
   1.34446      5.050565
   1.32314      5.062337
   1.30182      5.071642
   1.28051      5.077600
   1.25919      5.079653
   1.25919      5.079652
   1.23470      5.078036
   1.21022      5.073235
   1.18574      5.065411
   1.16125      5.054781
   1.13677      5.041740
   1.11228      5.027169
   1.08780      5.013028
   1.06332      5.002972
   1.03883      5.001427
   1.01435      5.009155
   0.98986      5.020500
   0.96538      5.026103
   0.94090      5.014791
   0.91641      4.979561
   0.89193      4.930491
   0.86744      4.884963
   0.84296      4.852315
   0.81848      4.833961
   0.79399      4.828179
   0.79399      4.966494
   0.75220      4.957277
   0.71041      4.930687
   0.66862      4.885361
   0.62684      4.821685
   0.58505      4.745914
   0.54326      4.668956
   0.50147      4.602606
   0.45968      4.556489
   0.41789      4.531292
   0.37610      4.496052
   0.33431      4.432376
   0.29252      4.472932
   0.25073      4.585231
   0.20895      4.714579
   0.16716      4.840469
   0.12537      4.945054
   0.08358      5.020223
   0.04179      5.064859
   0.00000      5.079651
 
# Band-Index   65
   0.00000      5.319341
   0.04179      5.297072
   0.08358      5.236580
   0.12537      5.149932
   0.16716      5.044544
   0.20895      4.923430
   0.25073      4.800940
   0.29252      4.715013
   0.33431      4.684851
   0.37610      4.705229
   0.41789      4.818868
   0.45968      4.981749
   0.50147      5.146120
   0.54326      5.275607
   0.58505      5.205643
   0.62684      5.135190
   0.66862      5.077997
   0.71041      5.035674
   0.75220      5.009074
   0.79399      4.999436
   0.79399      5.203832
   0.81848      5.203861
   0.84296      5.204154
   0.86744      5.205699
   0.89193      5.211682
   0.91641      5.230495
   0.94090      5.276403
   0.96538      5.350720
   0.98986      5.380053
   1.01435      5.375100
   1.03883      5.367503
   1.06332      5.359516
   1.08780      5.351819
   1.11228      5.344591
   1.13677      5.337944
   1.16125      5.331979
   1.18574      5.326858
   1.21022      5.322839
   1.23470      5.320242
   1.25919      5.319341
   1.25919      5.319341
   1.28051      5.317888
   1.30182      5.313499
   1.32314      5.306110
   1.34446      5.295694
   1.36577      5.282356
   1.38709      5.266497
   1.40841      5.249028
   1.42973      5.231601
   1.45104      5.216693
   1.47236      5.207133
   1.49368      5.204806
   1.51499      5.209291
   1.53631      5.217710
   1.55763      5.226306
   1.57895      5.233763
   1.60026      5.241940
   1.62158      5.251780
   1.64290      5.260870
   1.66421      5.264732
   1.66421      4.784356
   1.71099      4.662875
   1.75777      4.510853
   1.80454      4.496777
   1.85132      4.595126
   1.89809      4.663306
   1.94487      4.662668
   1.99164      4.644242
   2.03842      4.631540
   2.08519      4.665219
   2.13197      4.759087
   2.17874      4.892523
   2.22552      5.069522
   2.27229      5.156278
   2.31907      5.214332
   2.36584      5.275357
   2.41262      5.310671
   2.45939      5.319133
   2.50617      5.319427
   2.55294      5.319341
   2.55294      5.319341
   2.58520      5.322181
   2.61745      5.330541
   2.64971      5.343947
   2.68197      5.361591
   2.71422      5.382019
   2.74648      5.401512
   2.77873      5.409076
   2.81099      5.384267
   2.84325      5.317206
   2.87550      5.208171
   2.90776      5.072482
   2.94002      4.975362
   2.97227      4.981473
   3.00453      4.990879
   3.03678      5.001075
   3.06904      5.011196
   3.10130      5.020117
   3.13355      5.026498
   3.16581      5.028866
   3.16581      4.626950
   3.20623      4.644053
   3.24666      4.686645
   3.28708      4.750115
   3.32751      4.834736
   3.36793      4.933663
   3.40836      4.948830
   3.44878      4.948227
   3.48921      4.985038
   3.52963      5.034729
   3.57006      4.863880
   3.61048      4.826910
   3.65091      4.937878
   3.69133      5.061272
   3.73176      5.161138
   3.77218      5.223400
   3.81261      5.258165
   3.85303      5.286073
   3.89346      5.309720
   3.93388      5.319341
   3.93388      5.319341
   3.98265      5.292640
   4.03141      5.223399
   4.08018      5.131798
   4.12894      5.033267
   4.17771      4.943718
   4.22648      4.888822
   4.27524      4.835355
   4.32401      4.776600
   4.37277      4.766935
   4.42154      4.787681
   4.47030      4.814224
   4.51907      4.843216
   4.56784      4.875591
   4.61660      4.899330
   4.66537      4.903675
   4.71413      4.904784
   4.76290      4.957720
   4.81166      5.048049
   4.86043      5.023964
 
# Band-Index   66
   4.86043      5.153423
   4.81166      5.101546
   4.76290      5.162263
   4.71413      5.240918
   4.66537      5.238271
   4.61660      5.183472
   4.56784      5.140122
   4.51907      5.127653
   4.47030      5.136999
   4.42154      5.160912
   4.37277      5.196145
   4.32401      5.182453
   4.27524      5.049732
   4.22648      5.023651
   4.17771      5.115570
   4.12894      5.252695
   4.08018      5.409172
   4.03141      5.550287
   3.98265      5.646264
   3.93388      5.680076
   3.93388      5.680075
   3.89346      5.663737
   3.85303      5.622154
   3.81261      5.571182
   3.77218      5.530106
   3.73176      5.518832
   3.69133      5.529157
   3.65091      5.482667
   3.61048      5.339263
   3.57006      5.189544
   3.52963      5.091316
   3.48921      5.243877
   3.44878      5.219509
   3.40836      5.081502
   3.36793      5.008804
   3.32751      5.070055
   3.28708      5.153497
   3.24666      5.155241
   3.20623      5.079711
   3.16581      5.047179
   3.16581      5.214737
   3.13355      5.215971
   3.10130      5.221003
   3.06904      5.231981
   3.03678      5.250695
   3.00453      5.277620
   2.97227      5.312419
   2.94002      5.354712
   2.90776      5.404433
   2.87550      5.461690
   2.84325      5.511571
   2.81099      5.527674
   2.77873      5.537065
   2.74648      5.561156
   2.71422      5.591457
   2.68197      5.620499
   2.64971      5.645285
   2.61745      5.664184
   2.58520      5.676042
   2.55294      5.680079
   2.55294      5.680077
   2.50617      5.661511
   2.45939      5.613531
   2.41262      5.555846
   2.36584      5.514397
   2.31907      5.476401
   2.27229      5.334833
   2.22552      5.175791
   2.17874      5.181351
   2.13197      5.216048
   2.08519      5.237620
   2.03842      5.244103
   1.99164      5.237151
   1.94487      5.120470
   1.89809      4.954576
   1.85132      4.873684
   1.80454      4.883340
   1.75777      4.922832
   1.71099      4.952347
   1.66421      4.926573
   1.66421      5.474985
   1.64290      5.473044
   1.62158      5.454696
   1.60026      5.422679
   1.57895      5.394205
   1.55763      5.378535
   1.53631      5.379746
   1.51499      5.396091
   1.49368      5.422452
   1.47236      5.454128
   1.45104      5.487927
   1.42973      5.521741
   1.40841      5.554254
   1.38709      5.584465
   1.36577      5.611648
   1.34446      5.635099
   1.32314      5.654207
   1.30182      5.668384
   1.28051      5.677122
   1.25919      5.680077
   1.25919      5.680075
   1.23470      5.681947
   1.21022      5.687520
   1.18574      5.696674
   1.16125      5.709156
   1.13677      5.724587
   1.11228      5.742256
   1.08780      5.760579
   1.06332      5.773199
   1.03883      5.726729
   1.01435      5.603871
   0.98986      5.481396
   0.96538      5.408334
   0.94090      5.407177
   0.91641      5.412805
   0.89193      5.418683
   0.86744      5.423938
   0.84296      5.428136
   0.81848      5.430867
   0.79399      5.431826
   0.79399      5.440597
   0.75220      5.434468
   0.71041      5.419224
   0.66862      5.402366
   0.62684      5.388963
   0.58505      5.366370
   0.54326      5.299408
   0.50147      5.377644
   0.45968      5.453233
   0.41789      5.399230
   0.37610      5.189641
   0.33431      5.024924
   0.29252      4.979924
   0.25073      5.033266
   0.20895      5.136508
   0.16716      5.268643
   0.12537      5.413117
   0.08358      5.546858
   0.04179      5.643949
   0.00000      5.680076
 
# Band-Index   67
   0.00000      6.462653
   0.04179      6.461303
   0.08358      6.453334
   0.12537      6.433507
   0.16716      6.391663
   0.20895      6.315467
   0.25073      6.200359
   0.29252      6.063305
   0.33431      5.924301
   0.37610      5.796809
   0.41789      5.700169
   0.45968      5.636167
   0.50147      5.576509
   0.54326      5.547413
   0.58505      5.581791
   0.62684      5.671405
   0.66862      5.764458
   0.71041      5.838758
   0.75220      5.886147
   0.79399      5.902430
   0.79399      5.849944
   0.81848      5.852700
   0.84296      5.860562
   0.86744      5.871936
   0.89193      5.884112
   0.91641      5.892557
   0.94090      5.890642
   0.96538      5.880484
   0.98986      5.864699
   1.01435      5.849242
   1.03883      5.839842
   1.06332      5.911493
   1.08780      6.036991
   1.11228      6.155291
   1.13677      6.252901
   1.16125      6.329937
   1.18574      6.388392
   1.21022      6.429537
   1.23470      6.454192
   1.25919      6.462506
   1.25919      6.462539
   1.28051      6.465493
   1.30182      6.472511
   1.32314      6.482476
   1.34446      6.492481
   1.36577      6.498431
   1.38709      6.489668
   1.40841      6.465720
   1.42973      6.387115
   1.45104      6.303393
   1.47236      6.158479
   1.49368      6.042305
   1.51499      5.934273
   1.53631      5.836041
   1.55763      5.749830
   1.57895      5.676501
   1.60026      5.618203
   1.62158      5.580967
   1.64290      5.579603
   1.66421      5.601600
   1.66421      5.192512
   1.71099      5.216944
   1.75777      5.296539
   1.80454      5.349197
   1.85132      5.351284
   1.89809      5.325765
   1.94487      5.302732
   1.99164      5.359173
   2.03842      5.516753
   2.08519      5.647076
   2.13197      5.735524
   2.17874      5.776392
   2.22552      5.754757
   2.27229      5.737381
   2.31907      5.860934
   2.36584      6.152848
   2.41262      6.310072
   2.45939      6.387815
   2.50617      6.443071
   2.55294      6.462499
   2.55294      6.462633
   2.58520      6.456700
   2.61745      6.439167
   2.64971      6.405012
   2.68197      6.353724
   2.71422      6.280835
   2.74648      6.176420
   2.77873      6.017408
   2.81099      5.849149
   2.84325      5.730792
   2.87550      5.691540
   2.90776      5.687154
   2.94002      5.676851
   2.97227      5.650475
   3.00453      5.611269
   3.03678      5.557189
   3.06904      5.494820
   3.10130      5.438102
   3.13355      5.398076
   3.16581      5.383740
   3.16581      5.386941
   3.20623      5.354803
   3.24666      5.282015
   3.28708      5.290402
   3.32751      5.382377
   3.36793      5.452326
   3.40836      5.469899
   3.44878      5.417843
   3.48921      5.419201
   3.52963      5.582443
   3.57006      5.759168
   3.61048      5.868266
   3.65091      5.832038
   3.69133      5.937124
   3.73176      6.129648
   3.77218      6.241337
   3.81261      6.327440
   3.85303      6.400166
   3.89346      6.446925
   3.93388      6.462553
   3.93388      6.462548
   3.98265      6.448017
   4.03141      6.394977
   4.08018      6.277227
   4.12894      6.079093
   4.17771      5.841497
   4.22648      5.616699
   4.27524      5.440535
   4.32401      5.352221
   4.37277      5.474104
   4.42154      5.605479
   4.47030      5.600916
   4.51907      5.553978
   4.56784      5.516571
   4.61660      5.504665
   4.66537      5.523784
   4.71413      5.537538
   4.76290      5.543496
   4.81166      5.565164
   4.86043      5.576812
 
# Band-Index   68
   4.86043      5.707995
   4.81166      5.703538
   4.76290      5.669871
   4.71413      5.618178
   4.66537      5.650487
   4.61660      5.755373
   4.56784      5.850718
   4.51907      5.909473
   4.47030      5.912794
   4.42154      5.876429
   4.37277      5.913827
   4.32401      6.021893
   4.27524      6.161228
   4.22648      6.314359
   4.17771      6.459207
   4.12894      6.577198
   4.08018      6.673959
   4.03141      6.653600
   3.98265      6.593626
   3.93388      6.565866
   3.93388      6.565394
   3.89346      6.586042
   3.85303      6.636510
   3.81261      6.642561
   3.77218      6.461607
   3.73176      6.244755
   3.69133      6.163276
   3.65091      6.087010
   3.61048      5.960297
   3.57006      6.008638
   3.52963      6.139244
   3.48921      6.271612
   3.44878      6.391087
   3.40836      6.483322
   3.36793      6.522500
   3.32751      6.493965
   3.28708      6.412789
   3.24666      6.310505
   3.20623      6.222559
   3.16581      6.186542
   3.16581      5.555655
   3.13355      5.559787
   3.10130      5.573382
   3.06904      5.592406
   3.03678      5.621431
   3.00453      5.662648
   2.97227      5.711289
   2.94002      5.761437
   2.90776      5.814087
   2.87550      5.879586
   2.84325      5.957498
   2.81099      6.046215
   2.77873      6.147171
   2.74648      6.286124
   2.71422      6.467862
   2.68197      6.586170
   2.64971      6.553828
   2.61745      6.562103
   2.58520      6.564230
   2.55294      6.565594
   2.55294      6.565777
   2.50617      6.577007
   2.45939      6.594201
   2.41262      6.480128
   2.36584      6.241825
   2.31907      6.189529
   2.27229      6.170141
   2.22552      6.151968
   2.17874      6.188914
   2.13197      6.185161
   2.08519      6.140337
   2.03842      6.079898
   1.99164      6.041103
   1.94487      6.026168
   1.89809      6.004177
   1.85132      5.851961
   1.80454      5.675883
   1.75777      5.516956
   1.71099      5.384159
   1.66421      5.313542
   1.66421      5.650976
   1.64290      5.692220
   1.62158      5.759480
   1.60026      5.834518
   1.57895      5.914763
   1.55763      5.998743
   1.53631      6.085840
   1.51499      6.175734
   1.49368      6.268257
   1.47236      6.370791
   1.45104      6.492194
   1.42973      6.593706
   1.40841      6.588729
   1.38709      6.596102
   1.36577      6.594940
   1.34446      6.583534
   1.32314      6.573622
   1.30182      6.569015
   1.28051      6.566230
   1.25919      6.565400
   1.25919      6.565778
   1.23470      6.563238
   1.21022      6.558160
   1.18574      6.549393
   1.16125      6.535944
   1.13677      6.523393
   1.11228      6.514051
   1.08780      6.454782
   1.06332      6.378212
   1.03883      6.278118
   1.01435      6.208739
   0.98986      6.148890
   0.96538      6.097403
   0.94090      6.061635
   0.91641      6.040014
   0.89193      6.031389
   0.86744      6.031050
   0.84296      6.034441
   0.81848      6.037460
   0.79399      6.044001
   0.79399      7.196741
   0.75220      7.204591
   0.71041      7.232630
   0.66862      7.269905
   0.62684      7.301765
   0.58505      6.954597
   0.54326      6.569151
   0.50147      6.217499
   0.45968      5.907647
   0.41789      5.786281
   0.37610      5.869873
   0.33431      5.995646
   0.29252      6.141621
   0.25073      6.304605
   0.20895      6.485064
   0.16716      6.691605
   0.12537      6.733169
   0.08358      6.655543
   0.04179      6.590315
   0.00000      6.565692
